,Unnamed: 0,Mat,Inns,Balls,Runs,Wkts,BBI,BBM,Ave,Econ,SR,4w,5w,10,output1,output2,output5,output3,output
0,ODIs,44,6,132,130,6,3/26,3/26,21.66,5.90,22.0,0,0,0,0,0,5,5,5
1,ODIs,84,83,3960,3581,93,6/52,6/52,38.50,5.42,42.5,2,1,0,0,0,5,5,5
2,ODIs,35,13,326,355,10,2/22,2/22,35.50,6.53,32.6,0,0,0,0,0,5,5,5
3,ODIs,11,11,591,517,16,5/44,5/44,32.31,5.24,36.9,0,1,0,0,0,5,5,5
4,ODIs,188,136,4132,3561,76,3/4,3/4,46.85,5.17,54.3,0,0,0,0,0,5,5,5
5,ODIs,207,134,5091,4127,89,3/12,3/12,46.37,4.86,57.2,0,0,0,0,0,5,5,5
6,ODIs,13,13,687,508,23,3/34,3/34,22.08,4.43,29.8,0,0,0,0,0,5,5,5
7,ODIs,32,3,30,37,0,0,0,0,7.40,0,0,0,0,1,0,0,0,1
8,ODIs,2,0,0,0,0,0,0,0,0,0,0,0,0,1,0,0,0,1
9,ODIs,47,19,507,515,12,4/43,4/43,42.91,6.09,42.2,1,0,0,0,0,5,5,5
10,ODIs,9,0,0,0,0,0,0,0,0,0,0,0,0,1,0,0,0,1
11,ODIs,5,0,0,0,0,0,0,0,0,0,0,0,0,1,0,0,0,1
12,ODIs,15,0,0,0,0,0,0,0,0,0,0,0,0,1,0,0,0,1
13,ODIs,5,5,210,161,4,2/30,2/30,40.25,4.60,52.5,0,0,0,0,0,5,5,5
14,ODIs,71,67,3558,2467,133,7/18,7/18,18.54,4.16,26.7,4,4,0,0,0,5,5,5
15,ODIs,7,7,367,312,7,3/25,3/25,44.57,5.10,52.4,0,0,0,0,0,5,5,5
16,ODIs,164,155,5828,5668,172,6/44,6/44,32.95,5.83,33.8,5,4,0,0,0,5,5,5
17,ODIs,7,7,210,149,4,2/31,2/31,37.25,4.25,52.5,0,0,0,0,0,5,5,5
18,ODIs,80,78,3733,3563,115,4/34,4/34,30.98,5.72,32.4,6,0,0,0,0,5,5,5
19,ODIs,117,114,5760,4761,188,5/21,5/21,25.32,4.95,30.6,7,2,0,0,0,5,5,5
20,ODIs,9,9,377,409,8,2/37,2/37,51.12,6.50,47.1,0,0,0,0,0,5,5,5
21,ODIs,18,1,5,9,0,0,0,0,10.80,0,0,0,0,1,0,0,0,1
22,ODIs,52,0,0,0,0,0,0,0,0,0,0,0,0,1,0,0,0,1
23,ODIs,9,9,423,377,10,4/18,4/18,37.70,5.34,42.3,1,0,0,0,0,5,5,5
24,ODIs,11,11,522,609,12,4/52,4/52,50.75,7.00,43.5,1,0,0,0,0,5,5,5
25,ODIs,11,11,537,412,16,4/46,4/46,25.75,4.60,33.5,1,0,0,0,0,5,5,5
26,ODIs,18,0,0,0,0,0,0,0,0,0,0,0,0,1,0,0,0,1
27,ODIs,2,2,60,70,0,0,0,0,7.00,0,0,0,0,1,0,0,0,1
28,ODIs,2,0,0,0,0,0,0,0,0,0,0,0,0,1,0,0,0,1
29,ODIs,1,1,12,19,0,0,0,0,9.50,0,0,0,0,1,0,0,0,1
30,ODIs,77,76,3930,3661,144,5/69,5/69,25.42,5.58,27.2,9,1,0,0,0,5,5,5
31,ODIs,58,57,3020,2290,74,5/21,5/21,30.94,4.54,40.8,4,1,0,0,0,5,5,5
32,ODIs,101,0,0,0,0,0,0,0,0,0,0,0,0,1,0,0,0,1
33,ODIs,7,0,0,0,0,0,0,0,0,0,0,0,0,1,0,0,0,1
34,ODIs,54,53,2368,2195,54,3/31,3/31,40.64,5.56,43.8,0,0,0,0,0,5,5,5
35,ODIs,89,88,4209,4011,115,5/46,5/46,34.87,5.71,36.6,4,1,0,0,0,5,5,5
36,ODIs,121,0,0,0,0,0,0,0,0,0,0,0,0,1,0,0,0,1
37,ODIs,206,203,10517,7857,260,5/29,5/29,30.21,4.48,40.4,8,2,0,0,0,5,5,5
38,ODIs,13,13,654,619,10,2/48,2/48,61.90,5.67,65.4,0,0,0,0,0,5,5,5
39,ODIs,53,51,2548,2381,82,5/34,5/34,29.03,5.60,31.0,1,3,0,0,0,5,5,5
40,ODIs,13,13,708,690,24,4/26,4/26,28.75,5.84,29.5,1,0,0,0,0,5,5,5
41,ODIs,25,24,1186,1029,36,5/68,5/68,28.58,5.20,32.9,3,1,0,0,0,5,5,5
42,ODIs,90,0,0,0,0,0,0,0,0,0,0,0,0,1,0,0,0,1
43,ODIs,30,28,1279,986,41,4/12,4/12,24.04,4.62,31.1,2,0,0,0,0,5,5,5
44,ODIs,7,7,334,283,14,3/57,3/57,20.21,5.08,23.8,0,0,0,0,0,5,5,5
45,ODIs,13,12,543,520,16,4/40,4/40,32.50,5.74,33.9,1,0,0,0,0,5,5,5
46,ODIs,16,3,42,24,0,0,0,0,3.42,0,0,0,0,1,0,0,0,1
47,ODIs,6,2,18,22,0,0,0,0,7.33,0,0,0,0,1,0,0,0,1
48,ODIs,13,0,0,0,0,0,0,0,0,0,0,0,0,1,0,0,0,1
49,ODIs,132,0,0,0,0,0,0,0,0,0,0,0,0,1,0,0,0,1
50,ODIs,32,32,1684,1123,34,5/53,5/53,33.02,4.00,49.5,0,1,0,0,0,5,5,5
51,ODIs,23,19,553,438,13,3/11,3/11,33.69,4.75,42.5,0,0,0,0,0,5,5,5
52,ODIs,53,51,2313,1865,42,5/14,5/14,44.40,4.83,55.0,0,1,0,0,0,5,5,5
53,ODIs,12,10,301,242,9,4/23,4/23,26.88,4.82,33.4,1,0,0,0,0,5,5,5
54,ODIs,3,3,162,153,1,1/44,1/44,153.00,5.66,162.0,0,0,0,1,0,0,0,1
55,ODIs,111,109,6021,4937,150,4/25,4/25,32.91,4.91,40.1,1,0,0,0,0,5,5,5
56,ODIs,27,27,1257,1033,41,4/25,4/25,25.19,4.93,30.6,1,0,0,0,0,5,5,5
57,ODIs,1,1,36,31,0,0,0,0,5.16,0,0,0,0,1,0,0,0,1
58,ODIs,9,9,400,302,4,1/20,1/20,75.50,4.53,100.0,0,0,0,0,0,5,5,5
59,ODIs,30,30,1294,1008,33,4/23,4/23,30.54,4.67,39.2,3,0,0,0,0,5,5,5
60,ODIs,17,1,18,19,0,0,0,0,6.33,0,0,0,0,1,0,0,0,1
61,ODIs,1,1,12,22,0,0,0,0,11.00,0,0,0,0,1,0,0,0,1
62,ODIs,36,0,0,0,0,0,0,0,0,0,0,0,0,1,0,0,0,1
63,ODIs,7,7,276,266,7,2/30,2/30,38.00,5.78,39.4,0,0,0,0,0,5,5,5
64,ODIs,45,43,2207,1616,47,3/38,3/38,34.38,4.39,46.9,0,0,0,0,0,5,5,5
65,ODIs,15,15,713,617,20,3/39,3/39,30.85,5.19,35.6,0,0,0,0,0,5,5,5
66,ODIs,65,60,2194,1968,59,6/43,6/43,33.35,5.38,37.1,2,1,0,0,0,5,5,5
67,ODIs,35,33,902,787,14,3/13,3/13,56.21,5.23,64.4,0,0,0,0,0,5,5,5
68,ODIs,2,1,18,16,0,0,0,0,5.33,0,0,0,0,1,0,0,0,1
69,ODIs,33,33,1580,1327,55,4/31,4/31,24.12,5.03,28.7,3,0,0,0,0,5,5,5
70,ODIs,25,23,1093,901,20,3/21,3/21,45.05,4.94,54.6,0,0,0,0,0,5,5,5
71,ODIs,220,220,10922,8893,270,6/26,6/26,32.93,4.88,40.4,7,1,0,0,0,5,5,5
72,ODIs,72,67,3259,2661,71,5/50,5/50,37.47,4.89,45.9,0,1,0,0,0,5,5,5
73,ODIs,8,0,0,0,0,0,0,0,0,0,0,0,0,1,0,0,0,1
74,ODIs,6,6,330,297,6,3/39,3/39,49.50,5.40,55.0,0,0,0,0,0,5,5,5
75,ODIs,7,5,234,211,5,3/59,3/59,42.20,5.41,46.8,0,0,0,0,0,5,5,5
76,ODIs,70,70,3431,2905,95,4/33,4/33,30.57,5.08,36.1,1,0,0,0,0,5,5,5
77,ODIs,8,7,246,197,3,1/37,1/37,65.66,4.80,82.0,0,0,0,0,2,0,0,2
78,ODIs,1,0,0,0,0,0,0,0,0,0,0,0,0,1,0,0,0,1
79,ODIs,13,10,456,409,13,3/48,3/48,31.46,5.38,35.0,0,0,0,0,0,5,5,5
80,ODIs,26,6,120,132,3,2/18,2/18,44.00,6.60,40.0,0,0,0,0,2,0,0,2
81,ODIs,5,5,288,281,6,3/69,3/69,46.83,5.85,48.0,0,0,0,0,0,5,5,5
82,ODIs,67,63,2930,2115,66,5/14,5/14,32.04,4.33,44.3,1,1,0,0,0,5,5,5
83,ODIs,75,73,3558,3565,106,4/31,4/31,33.63,6.01,33.5,4,0,0,0,0,5,5,5
84,ODIs,10,7,246,234,9,3/43,3/43,26.00,5.70,27.3,0,0,0,0,0,5,5,5
85,ODIs,31,2,16,18,0,0,0,0,6.75,0,0,0,0,1,0,0,0,1
86,ODIs,31,31,1552,1016,40,4/17,4/17,25.40,3.92,38.8,1,0,0,0,0,5,5,5
87,ODIs,8,8,321,219,12,5/13,5/13,18.25,4.09,26.7,0,1,0,0,0,5,5,5
88,ODIs,44,44,2129,1776,64,5/33,5/33,27.75,5.00,33.2,2,1,0,0,0,5,5,5
89,ODIs,78,51,1394,1228,32,4/40,4/40,38.37,5.28,43.5,1,0,0,0,0,5,5,5
90,ODIs,25,0,0,0,0,0,0,0,0,0,0,0,0,1,0,0,0,1
91,ODIs,2,1,18,16,0,0,0,0,5.33,0,0,0,0,1,0,0,0,1
92,ODIs,3,3,138,157,2,1/54,1/54,78.50,6.82,69.0,0,0,0,0,2,0,0,2
93,ODIs,23,7,120,94,1,1/11,1/11,94.00,4.70,120.0,0,0,0,1,0,0,0,1
94,ODIs,75,73,3702,2955,106,4/15,4/15,27.87,4.78,34.9,4,0,0,0,0,5,5,5
95,ODIs,26,4,100,129,1,1/34,1/34,129.00,7.74,100.0,0,0,0,1,0,0,0,1
96,ODIs,35,0,0,0,0,0,0,0,0,0,0,0,0,1,0,0,0,1
97,ODIs,11,0,0,0,0,0,0,0,0,0,0,0,0,1,0,0,0,1
98,ODIs,34,34,1618,1611,45,5/29,5/29,35.80,5.97,35.9,0,1,0,0,0,5,5,5
99,ODIs,115,111,5347,4948,136,5/27,5/27,36.38,5.55,39.3,4,2,0,0,0,5,5,5
100,ODIs,3,0,0,0,0,0,0,0,0,0,0,0,0,1,0,0,0,1
101,ODIs,301,199,7424,5926,167,5/46,5/46,35.48,4.78,44.4,3,1,0,0,0,5,5,5
102,ODIs,6,0,0,0,0,0,0,0,0,0,0,0,0,1,0,0,0,1
103,ODIs,16,0,0,0,0,0,0,0,0,0,0,0,0,1,0,0,0,1
104,ODIs,1,1,60,37,1,1/37,1/37,37.00,3.70,60.0,0,0,0,1,0,0,0,1
105,ODIs,9,9,403,318,13,4/15,4/15,24.46,4.73,31.0,2,0,0,0,0,5,5,5
106,ODIs,55,14,324,318,9,3/56,3/56,35.33,5.88,36.0,0,0,0,0,0,5,5,5
107,ODIs,11,2,24,23,0,0,0,0,5.75,0,0,0,0,1,0,0,0,1
108,ODIs,2,0,0,0,0,0,0,0,0,0,0,0,0,1,0,0,0,1
109,ODIs,8,7,275,209,7,3/11,3/11,29.85,4.56,39.2,0,0,0,0,0,5,5,5
110,ODIs,49,0,0,0,0,0,0,0,0,0,0,0,0,1,0,0,0,1
111,ODIs,4,4,114,104,5,4/51,4/51,20.80,5.47,22.8,1,0,0,0,0,5,5,5
112,ODIs,2,0,0,0,0,0,0,0,0,0,0,0,0,1,0,0,0,1
113,ODIs,23,23,895,796,19,3/20,3/20,41.89,5.33,47.1,0,0,0,0,0,5,5,5
114,ODIs,78,0,0,0,0,0,0,0,0,0,0,0,0,1,0,0,0,1
115,ODIs,16,4,102,101,1,1/24,1/24,101.00,5.94,102.0,0,0,0,1,0,0,0,1
116,ODIs,58,55,2299,2151,69,4/22,4/22,31.17,5.61,33.3,3,0,0,0,0,5,5,5
117,ODIs,2,2,105,110,1,1/44,1/44,110.00,6.28,105.0,0,0,0,1,0,0,0,1
118,ODIs,1,1,60,45,1,1/45,1/45,45.00,4.50,60.0,0,0,0,1,0,0,0,1
119,ODIs,22,22,1022,813,29,3/5,3/5,28.03,4.77,35.2,0,0,0,0,0,5,5,5
120,ODIs,2,2,84,79,1,1/45,1/45,79.00,5.64,84.0,0,0,0,1,0,0,0,1
121,ODIs,101,97,4716,4384,143,6/45,6/45,30.65,5.57,32.9,9,3,0,0,0,5,5,5
122,ODIs,3,3,120,115,2,1/38,1/38,57.50,5.75,60.0,0,0,0,0,2,0,0,2
123,ODIs,17,16,859,734,21,4/21,4/21,34.95,5.12,40.9,1,0,0,0,0,5,5,5
124,ODIs,3,3,132,96,5,5/25,5/25,19.20,4.36,26.4,0,1,0,0,0,5,5,5
125,ODIs,5,3,132,97,3,2/42,2/42,32.33,4.40,44.0,0,0,0,0,2,0,0,2
126,ODIs,67,2,30,30,0,0,0,0,6.00,0,0,0,0,1,0,0,0,1
127,ODIs,5,5,258,276,3,2/51,2/51,92.00,6.41,86.0,0,0,0,0,2,0,0,2
128,ODIs,22,4,114,119,1,1/25,1/25,119.00,6.26,114.0,0,0,0,1,0,0,0,1
129,ODIs,110,86,2698,2525,50,4/46,4/46,50.50,5.61,53.9,2,0,0,0,0,5,5,5
130,ODIs,6,0,0,0,0,0,0,0,0,0,0,0,0,1,0,0,0,1
131,ODIs,2,1,48,56,1,1/56,1/56,56.00,7.00,48.0,0,0,0,1,0,0,0,1
132,ODIs,9,9,456,405,15,3/31,3/31,27.00,5.32,30.4,0,0,0,0,0,5,5,5
133,ODIs,13,13,612,485,12,3/35,3/35,40.41,4.75,51.0,0,0,0,0,0,5,5,5
134,ODIs,16,1,6,7,0,0,0,0,7.00,0,0,0,0,1,0,0,0,1
135,ODIs,52,51,2779,2351,91,6/42,6/42,25.83,5.07,30.5,2,2,0,0,0,5,5,5
136,ODIs,2,0,0,0,0,0,0,0,0,0,0,0,0,1,0,0,0,1
137,ODIs,21,3,42,47,1,1/13,1/13,47.00,6.71,42.0,0,0,0,1,0,0,0,1
138,ODIs,4,4,156,154,2,1/38,1/38,77.00,5.92,78.0,0,0,0,0,2,0,0,2
139,ODIs,52,0,0,0,0,0,0,0,0,0,0,0,0,1,0,0,0,1
140,ODIs,10,10,504,387,10,4/15,4/15,38.70,4.60,50.4,1,0,0,0,0,5,5,5
141,ODIs,194,191,9584,7861,269,5/23,5/23,29.22,4.92,35.6,11,2,0,0,0,5,5,5
142,ODIs,58,57,2885,2512,109,6/43,6/43,23.04,5.22,26.4,3,5,0,0,0,5,5,5
143,ODIs,52,50,2703,2437,92,5/30,5/30,26.48,5.40,29.3,7,2,0,0,0,5,5,5
144,ODIs,46,7,135,111,1,1/19,1/19,111.00,4.93,135.0,0,0,0,1,0,0,0,1
145,ODIs,142,0,0,0,0,0,0,0,0,0,0,0,0,1,0,0,0,1
146,ODIs,30,30,1525,1483,55,5/46,5/46,26.96,5.83,27.7,2,1,0,0,0,5,5,5
147,ODIs,8,2,30,20,0,0,0,0,4.00,0,0,0,0,1,0,0,0,1
148,ODIs,9,0,0,0,0,0,0,0,0,0,0,0,0,1,0,0,0,1
149,ODIs,7,7,354,324,7,3/35,3/35,46.28,5.49,50.5,0,0,0,0,0,5,5,5
150,ODIs,31,29,1301,1082,49,6/28,6/28,22.08,4.99,26.5,1,2,0,0,0,5,5,5
151,ODIs,1,1,42,55,0,0,0,0,7.85,0,0,0,0,1,0,0,0,1
152,ODIs,3,3,120,119,1,1/24,1/24,119.00,5.95,120.0,0,0,0,1,0,0,0,1
153,ODIs,13,0,0,0,0,0,0,0,0,0,0,0,0,1,0,0,0,1
154,ODIs,7,0,0,0,0,0,0,0,0,0,0,0,0,1,0,0,0,1
155,ODIs,8,8,288,229,13,5/44,5/44,17.61,4.77,22.1,0,1,0,0,0,5,5,5
156,ODIs,1,0,0,0,0,0,0,0,0,0,0,0,0,1,0,0,0,1
157,ODIs,4,4,198,130,11,5/20,5/20,11.81,3.93,18.0,0,1,0,0,0,5,5,5
158,ODIs,13,12,583,317,19,5/32,5/32,16.68,3.26,30.6,0,1,0,0,0,5,5,5
159,ODIs,20,16,559,490,12,2/17,2/17,40.83,5.25,46.5,0,0,0,0,0,5,5,5
160,ODIs,14,14,679,658,18,3/40,3/40,36.55,5.81,37.7,0,0,0,0,0,5,5,5
161,ODIs,66,31,770,694,9,2/26,2/26,77.11,5.40,85.5,0,0,0,0,0,5,5,5
162,ODIs,1,1,55,24,1,1/24,1/24,24.00,2.61,55.0,0,0,0,1,0,0,0,1
163,ODIs,11,11,577,345,20,4/15,4/15,17.25,3.58,28.8,1,0,0,0,0,5,5,5
164,ODIs,34,13,245,243,3,1/7,1/7,81.00,5.95,81.6,0,0,0,0,2,0,0,2
165,ODIs,350,2,36,31,1,1/14,1/14,31.00,5.16,36.0,0,0,0,1,0,0,0,1
166,ODIs,70,0,0,0,0,0,0,0,0,0,0,0,0,1,0,0,0,1
167,ODIs,10,5,152,140,1,1/56,1/56,140.00,5.52,152.0,0,0,0,1,0,0,0,1
168,ODIs,1,0,0,0,0,0,0,0,0,0,0,0,0,1,0,0,0,1
169,ODIs,3,3,79,80,0,0,0,0,6.07,0,0,0,0,1,0,0,0,1
170,ODIs,100,94,4911,4598,146,5/27,5/27,31.49,5.61,33.6,7,2,0,0,0,5,5,5
171,ODIs,209,85,1844,1636,39,3/39,3/39,41.94,5.32,47.2,0,0,0,0,0,5,5,5
172,ODIs,73,42,1187,1020,27,3/23,3/23,37.77,5.15,43.9,0,0,0,0,0,5,5,5
173,ODIs,1,0,0,0,0,0,0,0,0,0,0,0,0,1,0,0,0,1
174,ODIs,1,1,36,21,1,1/21,1/21,21.00,3.50,36.0,0,0,0,1,0,0,0,1
175,ODIs,1,1,36,41,2,2/41,2/41,20.50,6.83,18.0,0,0,0,0,2,0,0,2
176,ODIs,2,0,0,0,0,0,0,0,0,0,0,0,0,1,0,0,0,1
177,ODIs,22,21,1108,1036,36,4/22,4/22,28.77,5.61,30.7,2,0,0,0,0,5,5,5
178,ODIs,1,1,54,43,2,2/43,2/43,21.50,4.77,27.0,0,0,0,0,2,0,0,2
179,ODIs,57,54,1835,1700,47,5/33,5/33,36.17,5.55,39.0,1,1,0,0,0,5,5,5
180,ODIs,139,0,0,0,0,0,0,0,0,0,0,0,0,1,0,0,0,1
181,ODIs,2,2,108,89,3,2/50,2/50,29.66,4.94,36.0,0,0,0,0,2,0,0,2
182,ODIs,103,0,0,0,0,0,0,0,0,0,0,0,0,1,0,0,0,1
183,ODIs,14,11,371,359,7,2/33,2/33,51.28,5.80,53.0,0,0,0,0,0,5,5,5
184,ODIs,13,3,24,31,0,0,0,0,7.75,0,0,0,0,1,0,0,0,1
185,ODIs,101,99,4540,4300,126,6/26,6/26,34.12,5.68,36.0,7,1,0,0,0,5,5,5
186,ODIs,111,7,139,91,3,1/1,1/1,30.33,3.92,46.3,0,0,0,0,2,0,0,2
187,ODIs,96,95,4680,3597,119,6/46,6/46,30.22,4.61,39.3,4,3,0,0,0,5,5,5
188,ODIs,85,83,3824,3478,107,4/13,4/13,32.50,5.45,35.7,3,0,0,0,0,5,5,5
189,ODIs,12,9,233,210,4,2/15,2/15,52.50,5.40,58.2,0,0,0,0,0,5,5,5
190,ODIs,114,113,5451,4568,132,5/42,5/42,34.60,5.02,41.2,4,1,0,0,0,5,5,5
191,ODIs,3,3,162,179,0,0,0,0,6.62,0,0,0,0,1,0,0,0,1
192,ODIs,10,10,376,331,12,4/36,4/36,27.58,5.28,31.3,1,0,0,0,0,5,5,5
193,ODIs,10,9,372,243,9,4/26,4/26,27.00,3.91,41.3,1,0,0,0,0,5,5,5
194,ODIs,46,45,1971,1889,52,4/34,4/34,36.32,5.75,37.9,2,0,0,0,0,5,5,5
195,ODIs,49,49,2362,2088,58,4/17,4/17,36.00,5.30,40.7,2,0,0,0,0,5,5,5
196,ODIs,54,49,2384,2125,49,4/51,4/51,43.36,5.34,48.6,2,0,0,0,0,5,5,5
197,ODIs,73,0,0,0,0,0,0,0,0,0,0,0,0,1,0,0,0,1
198,ODIs,1,0,0,0,0,0,0,0,0,0,0,0,0,1,0,0,0,1
199,ODIs,58,49,1404,1204,28,3/15,3/15,43.00,5.14,50.1,0,0,0,0,0,5,5,5
200,ODIs,2,0,0,0,0,0,0,0,0,0,0,0,0,1,0,0,0,1
201,ODIs,11,0,0,0,0,0,0,0,0,0,0,0,0,1,0,0,0,1
202,ODIs,4,4,114,134,2,2/44,2/44,67.00,7.05,57.0,0,0,0,0,2,0,0,2
203,ODIs,12,12,458,482,8,2/25,2/25,60.25,6.31,57.2,0,0,0,0,0,5,5,5
204,ODIs,42,41,1692,1389,45,4/26,4/26,30.86,4.92,37.6,2,0,0,0,0,5,5,5
205,ODIs,2,1,12,33,0,0,0,0,16.50,0,0,0,0,1,0,0,0,1
206,ODIs,46,46,2036,1601,57,3/17,3/17,28.08,4.71,35.7,0,0,0,0,0,5,5,5
207,ODIs,45,43,2119,2099,57,4/31,4/31,36.82,5.94,37.1,2,0,0,0,0,5,5,5
208,ODIs,49,0,0,0,0,0,0,0,0,0,0,0,0,1,0,0,0,1
209,ODIs,32,32,1551,1348,44,3/19,3/19,30.63,5.21,35.2,0,0,0,0,0,5,5,5
210,ODIs,66,21,306,345,3,1/12,1/12,115.00,6.76,102.0,0,0,0,0,2,0,0,2
211,ODIs,1,0,0,0,0,0,0,0,0,0,0,0,0,1,0,0,0,1
212,ODIs,2,2,66,83,1,1/35,1/35,83.00,7.54,66.0,0,0,0,1,0,0,0,1
213,ODIs,224,38,593,515,8,2/27,2/27,64.37,5.21,74.1,0,0,0,0,0,5,5,5
214,ODIs,54,51,2633,1975,60,5/54,5/54,32.91,4.50,43.8,2,1,0,0,0,5,5,5
215,ODIs,4,4,212,201,6,3/60,3/60,33.50,5.68,35.3,0,0,0,0,0,5,5,5
216,ODIs,11,0,0,0,0,0,0,0,0,0,0,0,0,1,0,0,0,1
217,ODIs,26,21,819,701,13,2/23,2/23,53.92,5.13,63.0,0,0,0,0,0,5,5,5
218,ODIs,1,1,42,43,0,0,0,0,6.14,0,0,0,0,1,0,0,0,1
219,ODIs,3,0,0,0,0,0,0,0,0,0,0,0,0,1,0,0,0,1
220,ODIs,22,0,0,0,0,0,0,0,0,0,0,0,0,1,0,0,0,1
221,ODIs,87,0,0,0,0,0,0,0,0,0,0,0,0,1,0,0,0,1
222,ODIs,1,1,30,30,0,0,0,0,6.00,0,0,0,0,1,0,0,0,1
223,ODIs,2,2,108,114,5,5/58,5/58,22.80,6.33,21.6,0,1,0,0,0,5,5,5
224,ODIs,48,47,2531,2003,78,6/52,6/52,25.67,4.74,32.4,1,3,0,0,0,5,5,5
225,ODIs,17,0,0,0,0,0,0,0,0,0,0,0,0,1,0,0,0,1
226,ODIs,3,3,72,73,1,1/35,1/35,73.00,6.08,72.0,0,0,0,1,0,0,0,1
227,ODIs,102,96,4714,4131,85,4/46,4/46,48.60,5.25,55.4,1,0,0,0,0,5,5,5
228,ODIs,6,3,36,33,0,0,0,0,5.50,0,0,0,0,1,0,0,0,1
229,ODIs,11,9,450,474,9,3/82,3/82,52.66,6.32,50.0,0,0,0,0,0,5,5,5
230,ODIs,181,0,0,0,0,0,0,0,0,0,0,0,0,1,0,0,0,1
231,ODIs,1,0,0,0,0,0,0,0,0,0,0,0,0,1,0,0,0,1
232,ODIs,57,25,552,481,7,2/10,2/10,68.71,5.22,78.8,0,0,0,0,0,5,5,5
233,ODIs,10,10,376,331,12,4/36,4/36,27.58,5.28,31.3,1,0,0,0,0,5,5,5
234,ODIs,18,18,947,980,21,5/51,5/51,46.66,6.20,45.0,0,1,0,0,0,5,5,5
235,ODIs,8,0,0,0,0,0,0,0,0,0,0,0,0,1,0,0,0,1
236,ODIs,14,13,711,620,28,5/46,5/46,22.14,5.23,25.3,0,1,0,0,0,5,5,5
237,ODIs,2,2,57,66,2,2/47,2/47,33.00,6.94,28.5,0,0,0,0,2,0,0,2
238,ODIs,4,4,186,151,5,3/32,3/32,30.20,4.87,37.2,0,0,0,0,0,5,5,5
239,ODIs,12,11,312,277,3,1/15,1/15,92.33,5.32,104.0,0,0,0,0,2,0,0,2
240,ODIs,7,6,234,150,6,2/25,2/25,25.00,3.84,39.0,0,0,0,0,0,5,5,5
241,ODIs,16,0,0,0,0,0,0,0,0,0,0,0,0,1,0,0,0,1
242,ODIs,107,104,5541,4297,173,7/45,7/45,24.83,4.65,32.0,7,3,0,0,0,5,5,5
243,ODIs,89,87,4137,4010,135,5/52,5/52,29.70,5.81,30.6,6,1,0,0,0,5,5,5
244,ODIs,92,90,4459,3763,124,6/27,6/27,30.34,5.06,35.9,3,3,0,0,0,5,5,5
245,ODIs,51,0,0,0,0,0,0,0,0,0,0,0,0,1,0,0,0,1
246,ODIs,36,34,1917,1511,64,6/48,6/48,23.60,4.72,29.9,2,2,0,0,0,5,5,5
247,ODIs,226,220,10936,9760,338,6/38,6/38,28.87,5.35,32.3,11,8,0,0,0,5,5,5
248,ODIs,145,113,4224,3672,113,4/13,4/13,32.49,5.21,37.3,5,0,0,0,0,5,5,5
249,ODIs,121,0,0,0,0,0,0,0,0,0,0,0,0,1,0,0,0,1
250,ODIs,51,50,2585,2385,61,4/33,4/33,39.09,5.53,42.3,2,0,0,0,0,5,5,5
251,ODIs,5,5,218,245,6,3/69,3/69,40.83,6.74,36.3,0,0,0,0,0,5,5,5
252,ODIs,1,1,30,23,1,1/23,1/23,23.00,4.60,30.0,0,0,0,1,0,0,0,1
253,ODIs,3,3,126,129,2,1/37,1/37,64.50,6.14,63.0,0,0,0,0,2,0,0,2
254,ODIs,8,0,0,0,0,0,0,0,0,0,0,0,0,1,0,0,0,1
255,ODIs,4,0,0,0,0,0,0,0,0,0,0,0,0,1,0,0,0,1
256,ODIs,2,2,71,63,1,1/41,1/41,63.00,5.32,71.0,0,0,0,1,0,0,0,1
257,ODIs,7,3,24,36,0,0,0,0,9.00,0,0,0,0,1,0,0,0,1
258,ODIs,16,2,66,63,2,2/40,2/40,31.50,5.72,33.0,0,0,0,0,2,0,0,2
259,ODIs,59,52,1953,1510,63,5/20,5/20,23.96,4.63,31.0,1,1,0,0,0,5,5,5
260,ODIs,2,2,53,54,2,2/23,2/23,27.00,6.11,26.5,0,0,0,0,2,0,0,2
261,ODIs,12,12,520,519,20,4/49,4/49,25.95,5.98,26.0,1,0,0,0,0,5,5,5
262,ODIs,16,0,0,0,0,0,0,0,0,0,0,0,0,1,0,0,0,1
263,ODIs,1,1,60,65,1,1/65,1/65,65.00,6.50,60.0,0,0,0,1,0,0,0,1
264,ODIs,3,3,156,158,1,1/50,1/50,158.00,6.07,156.0,0,0,0,1,0,0,0,1
265,ODIs,23,16,402,384,9,3/31,3/31,42.66,5.73,44.6,0,0,0,0,0,5,5,5
266,ODIs,64,64,3363,2893,105,5/70,5/70,27.55,5.16,32.0,5,1,0,0,0,5,5,5
267,ODIs,11,0,0,0,0,0,0,0,0,0,0,0,0,1,0,0,0,1
268,ODIs,6,6,282,256,2,1/32,1/32,128.00,5.44,141.0,0,0,0,0,2,0,0,2
269,ODIs,5,5,246,303,5,2/52,2/52,60.60,7.39,49.2,0,0,0,0,0,5,5,5
270,ODIs,2,0,0,0,0,0,0,0,0,0,0,0,0,1,0,0,0,1
271,ODIs,5,0,0,0,0,0,0,0,0,0,0,0,0,1,0,0,0,1
272,ODIs,1,1,60,76,0,0,0,0,7.60,0,0,0,0,1,0,0,0,1
273,ODIs,2,2,78,63,1,1/37,1/37,63.00,4.84,78.0,0,0,0,1,0,0,0,1
274,ODIs,35,33,1608,1577,49,5/46,5/46,32.18,5.88,32.8,2,1,0,0,0,5,5,5
275,ODIs,55,55,2888,2701,75,4/43,4/43,36.01,5.61,38.5,1,0,0,0,0,5,5,5
276,ODIs,45,0,0,0,0,0,0,0,0,0,0,0,0,1,0,0,0,1
277,ODIs,3,3,102,100,3,2/48,2/48,33.33,5.88,34.0,0,0,0,0,2,0,0,2
278,ODIs,6,5,150,120,1,1/20,1/20,120.00,4.80,150.0,0,0,0,1,0,0,0,1
279,ODIs,146,67,1504,1445,24,3/52,3/52,60.20,5.76,62.6,0,0,0,0,0,5,5,5
280,ODIs,2,2,84,62,2,2/35,2/35,31.00,4.42,42.0,0,0,0,0,2,0,0,2
281,ODIs,82,80,3769,3423,115,4/22,4/22,29.76,5.44,32.7,3,0,0,0,0,5,5,5
282,ODIs,27,27,1443,1033,35,4/42,4/42,29.51,4.29,41.2,1,0,0,0,0,5,5,5
283,ODIs,3,2,36,26,1,1/21,1/21,26.00,4.33,36.0,0,0,0,1,0,0,0,1
284,ODIs,2,0,0,0,0,0,0,0,0,0,0,0,0,1,0,0,0,1
285,ODIs,8,6,174,138,7,2/11,2/11,19.71,4.75,24.8,0,0,0,0,0,5,5,5
286,ODIs,36,35,1678,1499,46,4/41,4/41,32.58,5.35,36.4,2,0,0,0,0,5,5,5
287,ODIs,5,5,230,174,4,2/32,2/32,43.50,4.53,57.5,0,0,0,0,0,5,5,5
288,ODIs,56,55,2290,2229,70,4/35,4/35,31.84,5.84,32.7,5,0,0,0,0,5,5,5
289,ODIs,5,5,251,224,8,3/58,3/58,28.00,5.35,31.3,0,0,0,0,0,5,5,5
290,ODIs,100,74,3008,2448,59,3/21,3/21,41.49,4.88,50.9,0,0,0,0,0,5,5,5
291,ODIs,2,0,0,0,0,0,0,0,0,0,0,0,0,1,0,0,0,1
292,ODIs,9,9,342,240,4,2/22,2/22,60.00,4.21,85.5,0,0,0,0,0,5,5,5
293,ODIs,73,26,524,504,14,5/32,5/32,36.00,5.77,37.4,0,1,0,0,0,5,5,5
294,ODIs,24,0,0,0,0,0,0,0,0,0,0,0,0,1,0,0,0,1
295,ODIs,8,4,96,67,2,1/11,1/11,33.50,4.18,48.0,0,0,0,0,2,0,0,2
296,ODIs,125,40,1076,971,28,3/16,3/16,34.67,5.41,38.4,0,0,0,0,0,5,5,5
297,ODIs,4,1,42,33,0,0,0,0,4.71,0,0,0,0,1,0,0,0,1
298,ODIs,32,0,0,0,0,0,0,0,0,0,0,0,0,1,0,0,0,1
299,ODIs,23,22,902,744,20,5/22,5/22,37.20,4.94,45.1,0,1,0,0,0,5,5,5
300,ODIs,3,3,60,61,0,0,0,0,6.10,0,0,0,0,1,0,0,0,1
301,ODIs,27,0,0,0,0,0,0,0,0,0,0,0,0,1,0,0,0,1
302,ODIs,2,2,66,51,0,0,0,0,4.63,0,0,0,0,1,0,0,0,1
303,ODIs,165,161,8377,6839,187,5/36,5/36,36.57,4.89,44.7,7,1,0,0,0,5,5,5
304,ODIs,113,0,0,0,0,0,0,0,0,0,0,0,0,1,0,0,0,1
305,ODIs,3,0,0,0,0,0,0,0,0,0,0,0,0,1,0,0,0,1
306,ODIs,28,27,1393,1372,48,5/56,5/56,28.58,5.90,29.0,4,1,0,0,0,5,5,5
307,ODIs,113,77,2188,2105,53,3/27,3/27,39.71,5.77,41.2,0,0,0,0,0,5,5,5
308,ODIs,92,0,0,0,0,0,0,0,0,0,0,0,0,1,0,0,0,1
309,ODIs,41,0,0,0,0,0,0,0,0,0,0,0,0,1,0,0,0,1
310,ODIs,12,12,555,598,16,4/19,4/19,37.37,6.46,34.6,2,0,0,0,0,5,5,5
311,ODIs,18,18,783,810,16,3/82,3/82,50.62,6.20,48.9,0,0,0,0,0,5,5,5
312,ODIs,26,0,0,0,0,0,0,0,0,0,0,0,0,1,0,0,0,1
313,ODIs,36,34,1773,1506,51,6/29,6/29,29.52,5.09,34.7,2,2,0,0,0,5,5,5
314,ODIs,59,7,179,203,1,1/35,1/35,203.00,6.80,179.0,0,0,0,1,0,0,0,1
315,ODIs,1,1,30,17,1,1/17,1/17,17.00,3.40,30.0,0,0,0,1,0,0,0,1
316,ODIs,4,1,1,2,0,0,0,0,12.00,0,0,0,0,1,0,0,0,1
317,ODIs,20,0,0,0,0,0,0,0,0,0,0,0,0,1,0,0,0,1
318,ODIs,2,0,0,0,0,0,0,0,0,0,0,0,0,1,0,0,0,1
319,ODIs,10,1,6,5,0,0,0,0,5.00,0,0,0,0,1,0,0,0,1
320,ODIs,38,0,0,0,0,0,0,0,0,0,0,0,0,1,0,0,0,1
321,ODIs,44,17,398,319,9,4/37,4/37,35.44,4.80,44.2,1,0,0,0,0,5,5,5
322,ODIs,124,120,5919,4231,130,4/30,4/30,32.54,4.28,45.5,3,0,0,0,0,5,5,5
323,ODIs,2,2,64,63,0,0,0,0,5.90,0,0,0,0,1,0,0,0,1
324,ODIs,37,2,9,6,0,0,0,0,4.00,0,0,0,0,1,0,0,0,1
325,ODIs,91,91,4648,3956,178,6/28,6/28,22.22,5.10,26.1,11,7,0,0,0,5,5,5
326,ODIs,146,0,0,0,0,0,0,0,0,0,0,0,0,1,0,0,0,1
327,ODIs,13,12,592,521,23,5/44,5/44,22.65,5.28,25.7,0,1,0,0,0,5,5,5
328,ODIs,4,3,113,94,3,2/57,2/57,31.33,4.99,37.6,0,0,0,0,2,0,0,2
329,ODIs,39,0,0,0,0,0,0,0,0,0,0,0,0,1,0,0,0,1
330,ODIs,65,61,2911,2738,94,5/48,5/48,29.12,5.64,30.9,3,2,0,0,0,5,5,5
331,ODIs,2,2,100,120,2,2/46,2/46,60.00,7.20,50.0,0,0,0,0,2,0,0,2
332,ODIs,4,3,146,122,2,1/40,1/40,61.00,5.01,73.0,0,0,0,0,2,0,0,2
333,ODIs,33,32,1330,1095,32,3/25,3/25,34.21,4.93,41.5,0,0,0,0,0,5,5,5
334,ODIs,2,2,77,54,2,2/30,2/30,27.00,4.20,38.5,0,0,0,0,2,0,0,2
335,ODIs,6,0,0,0,0,0,0,0,0,0,0,0,0,1,0,0,0,1
336,ODIs,51,0,0,0,0,0,0,0,0,0,0,0,0,1,0,0,0,1
337,ODIs,196,21,396,406,9,3/54,3/54,45.11,6.15,44.0,0,0,0,0,0,5,5,5
338,ODIs,47,2,17,17,0,0,0,0,6.00,0,0,0,0,1,0,0,0,1
339,ODIs,13,0,0,0,0,0,0,0,0,0,0,0,0,1,0,0,0,1
340,ODIs,2,2,120,95,3,2/42,2/42,31.66,4.75,40.0,0,0,0,0,2,0,0,2
341,ODIs,22,21,1119,993,26,4/33,4/33,38.19,5.32,43.0,1,0,0,0,0,5,5,5
342,ODIs,4,4,186,155,5,3/57,3/57,31.00,5.00,37.2,0,0,0,0,0,5,5,5
343,ODIs,38,37,1734,1330,59,5/45,5/45,22.54,4.60,29.3,2,1,0,0,0,5,5,5
344,ODIs,22,22,993,972,31,4/41,4/41,31.35,5.87,32.0,1,0,0,0,0,5,5,5
345,ODIs,4,4,174,117,4,2/49,2/49,29.25,4.03,43.5,0,0,0,0,0,5,5,5
346,ODIs,4,4,160,139,2,1/23,1/23,69.50,5.21,80.0,0,0,0,0,2,0,0,2
347,ODIs,24,23,1076,1161,20,4/52,4/52,58.05,6.47,53.8,1,0,0,0,0,5,5,5
348,ODIs,94,0,0,0,0,0,0,0,0,0,0,0,0,1,0,0,0,1
349,ODIs,1,1,24,29,0,0,0,0,7.25,0,0,0,0,1,0,0,0,1
350,ODIs,8,5,90,114,0,0,0,0,7.60,0,0,0,0,1,0,0,0,1
351,ODIs,38,18,306,296,6,3/48,3/48,49.33,5.80,51.0,0,0,0,0,0,5,5,5
352,ODIs,2,2,59,69,0,0,0,0,7.01,0,0,0,0,1,0,0,0,1
353,ODIs,6,6,301,247,13,5/33,5/33,19.00,4.92,23.1,0,1,0,0,0,5,5,5
354,ODIs,2,1,24,52,1,1/52,1/52,52.00,13.00,24.0,0,0,0,1,0,0,0,1
355,ODIs,232,4,42,35,0,0,0,0,5.00,0,0,0,0,1,0,0,0,1
356,ODIs,1,0,0,0,0,0,0,0,0,0,0,0,0,1,0,0,0,1
357,ODIs,1,0,0,0,0,0,0,0,0,0,0,0,0,1,0,0,0,1
358,ODIs,1,0,0,0,0,0,0,0,0,0,0,0,0,1,0,0,0,1
359,ODIs,3,3,150,79,5,2/22,2/22,15.80,3.16,30.0,0,0,0,0,0,5,5,5
360,ODIs,4,3,96,97,1,1/23,1/23,97.00,6.06,96.0,0,0,0,1,0,0,0,1
361,ODIs,1,0,0,0,0,0,0,0,0,0,0,0,0,1,0,0,0,1
362,ODIs,11,11,522,468,18,4/28,4/28,26.00,5.37,29.0,2,0,0,0,0,5,5,5
363,ODIs,2,2,84,58,5,3/41,3/41,11.60,4.14,16.8,0,0,0,0,0,5,5,5
364,ODIs,15,15,583,547,17,3/15,3/15,32.17,5.62,34.2,0,0,0,0,0,5,5,5
365,ODIs,3,3,126,107,2,1/47,1/47,53.50,5.09,63.0,0,0,0,0,2,0,0,2
366,ODIs,19,19,905,831,23,3/24,3/24,36.13,5.50,39.3,0,0,0,0,0,5,5,5
367,ODIs,2,0,0,0,0,0,0,0,0,0,0,0,0,1,0,0,0,1
368,ODIs,10,10,384,270,10,4/20,4/20,27.00,4.21,38.4,1,0,0,0,0,5,5,5
369,ODIs,151,65,1467,1310,37,4/22,4/22,35.40,5.35,39.6,1,0,0,0,0,5,5,5
370,ODIs,60,58,3192,2721,104,6/25,6/25,26.16,5.11,30.6,4,1,0,0,0,5,5,5
371,ODIs,34,31,1142,1019,19,4/37,4/37,53.63,5.35,60.1,1,0,0,0,0,5,5,5
372,ODIs,2,2,102,80,1,1/29,1/29,80.00,4.70,102.0,0,0,0,1,0,0,0,1
373,ODIs,9,2,19,21,0,0,0,0,6.63,0,0,0,0,1,0,0,0,1
374,ODIs,28,0,0,0,0,0,0,0,0,0,0,0,0,1,0,0,0,1
375,ODIs,19,19,932,798,23,4/55,4/55,34.69,5.13,40.5,1,0,0,0,0,5,5,5
376,ODIs,13,0,0,0,0,0,0,0,0,0,0,0,0,1,0,0,0,1
377,ODIs,87,85,4232,3327,89,4/24,4/24,37.38,4.71,47.5,4,0,0,0,0,5,5,5
378,ODIs,2,2,47,47,4,4/38,4/38,11.75,6.00,11.7,1,0,0,0,0,5,5,5
379,ODIs,62,0,0,0,0,0,0,0,0,0,0,0,0,1,0,0,0,1
380,ODIs,20,20,870,894,27,5/35,5/35,33.11,6.16,32.2,1,1,0,0,0,5,5,5
381,ODIs,3,2,114,59,2,1/29,1/29,29.50,3.10,57.0,0,0,0,0,2,0,0,2
382,ODIs,2,0,0,0,0,0,0,0,0,0,0,0,0,1,0,0,0,1
383,ODIs,143,141,7195,6558,190,7/33,7/33,34.51,5.46,37.8,4,3,0,0,0,5,5,5
384,ODIs,41,21,642,613,11,3/45,3/45,55.72,5.72,58.3,0,0,0,0,0,5,5,5
385,ODIs,41,41,1901,1476,50,4/15,4/15,29.52,4.65,38.0,1,0,0,0,0,5,5,5
386,ODIs,5,2,15,25,0,0,0,0,10.00,0,0,0,0,1,0,0,0,1
387,ODIs,126,21,284,259,4,1/2,1/2,64.75,5.47,71.0,0,0,0,0,0,5,5,5
388,ODIs,2,1,60,76,2,2/76,2/76,38.00,7.60,30.0,0,0,0,0,2,0,0,2
389,ODIs,39,2,24,34,0,0,0,0,8.50,0,0,0,0,1,0,0,0,1
390,ODIs,4,2,72,48,2,1/13,1/13,24.00,4.00,36.0,0,0,0,0,2,0,0,2
391,ODIs,84,65,2111,1729,46,4/31,4/31,37.58,4.91,45.8,1,0,0,0,0,5,5,5
392,ODIs,1,1,24,15,0,0,0,0,3.75,0,0,0,0,1,0,0,0,1
393,ODIs,6,0,0,0,0,0,0,0,0,0,0,0,0,1,0,0,0,1
394,ODIs,17,17,764,559,13,3/29,3/29,43.00,4.39,58.7,0,0,0,0,0,5,5,5
395,ODIs,6,1,12,16,0,0,0,0,8.00,0,0,0,0,1,0,0,0,1
396,ODIs,3,0,0,0,0,0,0,0,0,0,0,0,0,1,0,0,0,1
397,ODIs,5,5,170,144,5,2/15,2/15,28.80,5.08,34.0,0,0,0,0,0,5,5,5
398,ODIs,136,0,0,0,0,0,0,0,0,0,0,0,0,1,0,0,0,1
399,ODIs,19,19,874,881,23,3/44,3/44,38.30,6.04,38.0,0,0,0,0,0,5,5,5
400,ODIs,25,25,1312,1240,39,5/68,5/68,31.79,5.67,33.6,0,1,0,0,0,5,5,5
401,ODIs,218,0,0,0,0,0,0,0,0,0,0,0,0,1,0,0,0,1
402,ODIs,1,1,47,68,0,0,0,0,8.68,0,0,0,0,1,0,0,0,1
403,ODIs,2,2,114,124,3,2/73,2/73,41.33,6.52,38.0,0,0,0,0,2,0,0,2
404,ODIs,9,9,353,379,9,2/17,2/17,42.11,6.44,39.2,0,0,0,0,0,5,5,5
405,ODIs,6,6,252,167,10,4/37,4/37,16.70,3.97,25.2,1,0,0,0,0,5,5,5
406,ODIs,10,0,0,0,0,0,0,0,0,0,0,0,0,1,0,0,0,1
407,ODIs,17,17,768,633,34,5/34,5/34,18.61,4.94,22.5,3,2,0,0,0,5,5,5
408,ODIs,77,0,0,0,0,0,0,0,0,0,0,0,0,1,0,0,0,1
409,ODIs,235,0,0,0,0,0,0,0,0,0,0,0,0,1,0,0,0,1
410,ODIs,18,10,210,207,7,4/32,4/32,29.57,5.91,30.0,1,0,0,0,0,5,5,5
411,ODIs,8,0,0,0,0,0,0,0,0,0,0,0,0,1,0,0,0,1
412,ODIs,287,217,7958,6192,158,4/19,4/19,39.18,4.66,50.3,1,0,0,0,0,5,5,5
413,ODIs,4,0,0,0,0,0,0,0,0,0,0,0,0,1,0,0,0,1
414,ODIs,133,109,4176,3381,71,4/43,4/43,47.61,4.85,58.8,1,0,0,0,0,5,5,5
415,ODIs,6,1,6,13,0,0,0,0,13.00,0,0,0,0,1,0,0,0,1
416,ODIs,2,0,0,0,0,0,0,0,0,0,0,0,0,1,0,0,0,1
417,ODIs,3,0,0,0,0,0,0,0,0,0,0,0,0,1,0,0,0,1
418,ODIs,61,35,869,688,25,4/44,4/44,27.52,4.75,34.7,1,0,0,0,0,5,5,5
419,ODIs,19,18,892,820,33,4/16,4/16,24.84,5.51,27.0,3,0,0,0,0,5,5,5
420,ODIs,39,2,18,25,0,0,0,0,8.33,0,0,0,0,1,0,0,0,1
421,ODIs,1,1,60,60,1,1/60,1/60,60.00,6.00,60.0,0,0,0,1,0,0,0,1
422,ODIs,6,6,338,228,13,5/38,5/38,17.53,4.04,26.0,1,1,0,0,0,5,5,5
423,ODIs,8,8,297,337,5,1/35,1/35,67.40,6.80,59.4,0,0,0,0,0,5,5,5
424,ODIs,58,51,1979,1620,46,4/32,4/32,35.21,4.91,43.0,1,0,0,0,0,5,5,5
425,ODIs,42,26,765,737,12,2/22,2/22,61.41,5.78,63.7,0,0,0,0,0,5,5,5
426,ODIs,10,10,389,371,14,3/36,3/36,26.50,5.72,27.7,0,0,0,0,0,5,5,5
427,ODIs,36,0,0,0,0,0,0,0,0,0,0,0,0,1,0,0,0,1
428,ODIs,10,5,114,79,2,1/19,1/19,39.50,4.15,57.0,0,0,0,0,2,0,0,2
429,ODIs,143,11,192,189,2,1/8,1/8,94.50,5.90,96.0,0,0,0,0,2,0,0,2
430,ODIs,2,1,18,19,0,0,0,0,6.33,0,0,0,0,1,0,0,0,1
431,ODIs,199,135,3513,3143,69,4/16,4/16,45.55,5.36,50.9,1,0,0,0,0,5,5,5
432,ODIs,74,0,0,0,0,0,0,0,0,0,0,0,0,1,0,0,0,1
433,ODIs,8,0,0,0,0,0,0,0,0,0,0,0,0,1,0,0,0,1
434,ODIs,30,23,893,719,15,3/30,3/30,47.93,4.83,59.5,0,0,0,0,0,5,5,5
435,ODIs,2,0,0,0,0,0,0,0,0,0,0,0,0,1,0,0,0,1
436,ODIs,11,11,480,465,15,3/13,3/13,31.00,5.81,32.0,0,0,0,0,0,5,5,5
437,ODIs,8,4,102,75,0,0,0,0,4.41,0,0,0,0,1,0,0,0,1
438,ODIs,25,24,1238,1356,34,3/33,3/33,39.88,6.57,36.4,0,0,0,0,0,5,5,5
439,ODIs,75,73,3842,3199,117,6/16,6/16,27.34,4.99,32.8,6,1,0,0,0,5,5,5
440,ODIs,1,1,60,55,2,2/55,2/55,27.50,5.50,30.0,0,0,0,0,2,0,0,2
441,ODIs,10,10,535,375,23,6/16,6/16,16.30,4.20,23.2,2,1,0,0,0,5,5,5
442,ODIs,116,1,12,15,0,0,0,0,7.50,0,0,0,0,1,0,0,0,1
443,ODIs,265,20,284,288,3,1/3,1/3,96.00,6.08,94.6,0,0,0,0,2,0,0,2
444,ODIs,28,0,0,0,0,0,0,0,0,0,0,0,0,1,0,0,0,1
445,ODIs,218,177,7733,5400,139,4/41,4/41,38.84,4.18,55.6,1,0,0,0,0,5,5,5
446,ODIs,65,43,1256,988,24,3/26,3/26,41.16,4.71,52.3,0,0,0,0,0,5,5,5
447,ODIs,60,2,12,18,0,0,0,0,9.00,0,0,0,0,1,0,0,0,1
448,ODIs,3,3,138,101,5,4/34,4/34,20.20,4.39,27.6,1,0,0,0,0,5,5,5
449,ODIs,34,32,1358,1298,31,5/63,5/63,41.87,5.73,43.8,0,1,0,0,0,5,5,5
450,ODIs,25,24,1293,1150,24,6/26,6/26,47.91,5.33,53.8,1,1,0,0,0,5,5,5
451,ODIs,20,19,901,743,17,3/55,3/55,43.70,4.94,53.0,0,0,0,0,0,5,5,5
452,ODIs,78,0,0,0,0,0,0,0,0,0,0,0,0,1,0,0,0,1
453,ODIs,6,0,0,0,0,0,0,0,0,0,0,0,0,1,0,0,0,1
454,ODIs,4,4,209,217,4,3/44,3/44,54.25,6.22,52.2,0,0,0,0,0,5,5,5
455,ODIs,60,60,2540,2529,70,4/21,4/21,36.12,5.97,36.2,4,0,0,0,0,5,5,5
456,ODIs,28,12,234,190,7,2/13,2/13,27.14,4.87,33.4,0,0,0,0,0,5,5,5
457,ODIs,15,15,789,658,18,3/27,3/27,36.55,5.00,43.8,0,0,0,0,0,5,5,5
458,ODIs,34,1,6,2,1,1/2,1/2,2.00,2.00,6.0,0,0,0,1,0,0,0,1
459,ODIs,14,14,737,569,23,3/27,3/27,24.73,4.63,32.0,0,0,0,0,0,5,5,5
460,ODIs,13,0,0,0,0,0,0,0,0,0,0,0,0,1,0,0,0,1
461,ODIs,4,0,0,0,0,0,0,0,0,0,0,0,0,1,0,0,0,1
462,ODIs,8,8,362,223,11,4/27,4/27,20.27,3.69,32.9,1,0,0,0,0,5,5,5
463,ODIs,5,0,0,0,0,0,0,0,0,0,0,0,0,1,0,0,0,1
464,ODIs,5,0,0,0,0,0,0,0,0,0,0,0,0,1,0,0,0,1
465,ODIs,1,1,6,7,0,0,0,0,7.00,0,0,0,0,1,0,0,0,1
466,ODIs,45,37,1076,928,22,3/32,3/32,42.18,5.17,48.9,0,0,0,0,0,5,5,5
467,ODIs,5,0,0,0,0,0,0,0,0,0,0,0,0,1,0,0,0,1
468,ODIs,260,0,0,0,0,0,0,0,0,0,0,0,0,1,0,0,0,1
469,ODIs,85,0,0,0,0,0,0,0,0,0,0,0,0,1,0,0,0,1
470,ODIs,4,4,144,172,4,2/70,2/70,43.00,7.16,36.0,0,0,0,0,0,5,5,5
471,ODIs,5,5,300,298,8,5/43,5/43,37.25,5.96,37.5,0,1,0,0,0,5,5,5
472,ODIs,41,0,0,0,0,0,0,0,0,0,0,0,0,1,0,0,0,1
473,ODIs,5,5,264,224,5,2/38,2/38,44.80,5.09,52.8,0,0,0,0,0,5,5,5
474,ODIs,95,80,2912,2920,70,5/61,5/61,41.71,6.01,41.6,1,1,0,0,0,5,5,5
475,ODIs,5,5,204,191,6,3/26,3/26,31.83,5.61,34.0,0,0,0,0,0,5,5,5
476,ODIs,12,11,366,306,3,1/21,1/21,102.00,5.01,122.0,0,0,0,0,2,0,0,2
477,ODIs,6,5,122,128,1,1/59,1/59,128.00,6.29,122.0,0,0,0,1,0,0,0,1
478,ODIs,26,26,1230,1140,53,6/58,6/58,21.50,5.56,23.2,2,1,0,0,0,5,5,5
479,ODIs,8,0,0,0,0,0,0,0,0,0,0,0,0,1,0,0,0,1
480,ODIs,236,0,0,0,0,0,0,0,0,0,0,0,0,1,0,0,0,1
481,ODIs,46,0,0,0,0,0,0,0,0,0,0,0,0,1,0,0,0,1
482,ODIs,5,5,198,165,3,2/28,2/28,55.00,5.00,66.0,0,0,0,0,2,0,0,2
483,ODIs,10,1,12,10,0,0,0,0,5.00,0,0,0,0,1,0,0,0,1
484,ODIs,1,1,24,31,0,0,0,0,7.75,0,0,0,0,1,0,0,0,1
485,ODIs,6,0,0,0,0,0,0,0,0,0,0,0,0,1,0,0,0,1
486,ODIs,38,0,0,0,0,0,0,0,0,0,0,0,0,1,0,0,0,1
487,ODIs,23,16,409,353,10,4/28,4/28,35.30,5.17,40.9,1,0,0,0,0,5,5,5
488,ODIs,6,0,0,0,0,0,0,0,0,0,0,0,0,1,0,0,0,1
489,ODIs,53,14,258,260,4,2/26,2/26,65.00,6.04,64.5,0,0,0,0,0,5,5,5
490,ODIs,213,132,4339,4274,101,4/28,4/28,42.31,5.91,42.9,1,0,0,0,0,5,5,5
491,ODIs,84,0,0,0,0,0,0,0,0,0,0,0,0,1,0,0,0,1
492,ODIs,2,0,0,0,0,0,0,0,0,0,0,0,0,1,0,0,0,1
493,ODIs,7,6,288,236,12,3/22,3/22,19.66,4.91,24.0,0,0,0,0,0,5,5,5
494,ODIs,4,0,0,0,0,0,0,0,0,0,0,0,0,1,0,0,0,1
495,ODIs,13,12,546,371,16,5/60,5/60,23.18,4.07,34.1,0,1,0,0,0,5,5,5
496,ODIs,2,2,30,14,2,2/6,2/6,7.00,2.80,15.0,0,0,0,0,2,0,0,2
497,ODIs,64,64,3346,2541,104,5/27,5/27,24.43,4.55,32.1,5,1,0,0,0,5,5,5
498,ODIs,41,39,1414,1446,33,3/16,3/16,43.81,6.13,42.8,0,0,0,0,0,5,5,5
499,ODIs,37,37,1956,1779,69,5/45,5/45,25.78,5.45,28.3,2,1,0,0,0,5,5,5
500,ODIs,78,0,0,0,0,0,0,0,0,0,0,0,0,1,0,0,0,1
501,ODIs,68,12,156,172,1,1/3,1/3,172.00,6.61,156.0,0,0,0,1,0,0,0,1
502,ODIs,40,39,1801,1581,41,3/49,3/49,38.56,5.26,43.9,0,0,0,0,0,5,5,5
503,ODIs,11,0,0,0,0,0,0,0,0,0,0,0,0,1,0,0,0,1
504,ODIs,42,42,1458,1180,27,3/26,3/26,43.70,4.85,54.0,0,0,0,0,0,5,5,5
505,ODIs,17,2,36,37,1,1/19,1/19,37.00,6.16,36.0,0,0,0,1,0,0,0,1
506,ODIs,104,58,1667,1615,35,4/25,4/25,46.14,5.81,47.6,1,0,0,0,0,5,5,5
507,ODIs,8,8,312,257,5,1/21,1/21,51.40,4.94,62.4,0,0,0,0,0,5,5,5
508,ODIs,6,5,96,104,3,1/18,1/18,34.66,6.50,32.0,0,0,0,0,2,0,0,2
509,ODIs,25,25,1148,1134,33,3/17,3/17,34.36,5.92,34.7,0,0,0,0,0,5,5,5
510,ODIs,5,0,0,0,0,0,0,0,0,0,0,0,0,1,0,0,0,1
511,ODIs,125,124,6256,5087,196,6/39,6/39,25.95,4.87,31.9,4,3,0,0,0,5,5,5
512,ODIs,1,0,0,0,0,0,0,0,0,0,0,0,0,1,0,0,0,1
513,ODIs,1,1,24,8,1,1/8,1/8,8.00,2.00,24.0,0,0,0,1,0,0,0,1
514,ODIs,4,4,240,150,10,3/30,3/30,15.00,3.75,24.0,0,0,0,0,0,5,5,5
515,ODIs,42,40,2022,1668,38,3/30,3/30,43.89,4.94,53.2,0,0,0,0,0,5,5,5
516,ODIs,55,9,121,124,3,1/5,1/5,41.33,6.14,40.3,0,0,0,0,2,0,0,2
517,ODIs,3,3,138,170,1,1/57,1/57,170.00,7.39,138.0,0,0,0,1,0,0,0,1
518,ODIs,63,59,1967,2012,61,5/31,5/31,32.98,6.13,32.2,2,1,0,0,0,5,5,5
519,ODIs,9,0,0,0,0,0,0,0,0,0,0,0,0,1,0,0,0,1
520,ODIs,13,13,544,623,13,2/26,2/26,47.92,6.87,41.8,0,0,0,0,0,5,5,5
521,ODIs,3,0,0,0,0,0,0,0,0,0,0,0,0,1,0,0,0,1
522,ODIs,228,9,192,202,7,2/15,2/15,28.85,6.31,27.4,0,0,0,0,0,5,5,5
523,ODIs,5,5,288,301,5,2/58,2/58,60.20,6.27,57.6,0,0,0,0,0,5,5,5
524,ODIs,5,0,0,0,0,0,0,0,0,0,0,0,0,1,0,0,0,1
525,ODIs,7,7,216,244,0,0,0,0,6.77,0,0,0,0,1,0,0,0,1
526,ODIs,4,4,216,262,5,4/45,4/45,52.40,7.27,43.2,1,0,0,0,0,5,5,5
527,ODIs,8,0,0,0,0,0,0,0,0,0,0,0,0,1,0,0,0,1
528,ODIs,2,2,60,69,1,1/26,1/26,69.00,6.90,60.0,0,0,0,1,0,0,0,1
529,ODIs,10,10,474,448,12,4/57,4/57,37.33,5.67,39.5,1,0,0,0,0,5,5,5
530,ODIs,2,2,109,123,3,2/64,2/64,41.00,6.77,36.3,0,0,0,0,2,0,0,2
531,ODIs,60,60,3109,2549,83,4/30,4/30,30.71,4.91,37.4,2,0,0,0,0,5,5,5
532,ODIs,32,31,1435,1067,36,3/15,3/15,29.63,4.46,39.8,0,0,0,0,0,5,5,5
533,ODIs,2,2,120,94,2,1/37,1/37,47.00,4.70,60.0,0,0,0,0,2,0,0,2
534,ODIs,11,0,0,0,0,0,0,0,0,0,0,0,0,1,0,0,0,1
535,ODIs,2,0,0,0,0,0,0,0,0,0,0,0,0,1,0,0,0,1
536,ODIs,15,15,663,608,22,4/51,4/51,27.63,5.50,30.1,2,0,0,0,0,5,5,5
537,ODIs,3,2,84,96,3,2/70,2/70,32.00,6.85,28.0,0,0,0,0,2,0,0,2
538,ODIs,5,0,0,0,0,0,0,0,0,0,0,0,0,1,0,0,0,1
539,ODIs,121,121,6109,5364,178,5/23,5/23,30.13,5.26,34.3,9,1,0,0,0,5,5,5
540,ODIs,4,0,0,0,0,0,0,0,0,0,0,0,0,1,0,0,0,1
541,ODIs,49,43,1485,1502,60,5/63,5/63,25.03,6.06,24.7,2,1,0,0,0,5,5,5
542,ODIs,5,0,0,0,0,0,0,0,0,0,0,0,0,1,0,0,0,1
543,ODIs,8,1,6,5,1,1/5,1/5,5.00,5.00,6.0,0,0,0,1,0,0,0,1
544,ODIs,3,3,162,120,6,2/30,2/30,20.00,4.44,27.0,0,0,0,0,0,5,5,5
545,ODIs,2,0,0,0,0,0,0,0,0,0,0,0,0,1,0,0,0,1
546,ODIs,94,0,0,0,0,0,0,0,0,0,0,0,0,1,0,0,0,1
547,ODIs,12,11,471,408,12,3/38,3/38,34.00,5.19,39.2,0,0,0,0,0,5,5,5
548,ODIs,18,16,768,556,20,3/16,3/16,27.80,4.34,38.4,0,0,0,0,0,5,5,5
549,ODIs,41,40,2095,1625,40,4/29,4/29,40.62,4.65,52.3,1,0,0,0,0,5,5,5
550,ODIs,22,12,282,274,10,5/43,5/43,27.40,5.82,28.2,0,1,0,0,0,5,5,5
551,ODIs,1,0,0,0,0,0,0,0,0,0,0,0,0,1,0,0,0,1
552,ODIs,5,5,174,157,7,4/56,4/56,22.42,5.41,24.8,1,0,0,0,0,5,5,5
553,ODIs,36,0,0,0,0,0,0,0,0,0,0,0,0,1,0,0,0,1
554,ODIs,2,2,114,105,1,1/40,1/40,105.00,5.52,114.0,0,0,0,1,0,0,0,1
555,ODIs,10,10,318,308,8,2/59,2/59,38.50,5.81,39.7,0,0,0,0,0,5,5,5
556,ODIs,43,42,2014,1691,49,3/11,3/11,34.51,5.03,41.1,0,0,0,0,0,5,5,5
557,ODIs,9,8,270,246,10,3/33,3/33,24.60,5.46,27.0,0,0,0,0,0,5,5,5
558,ODIs,7,0,0,0,0,0,0,0,0,0,0,0,0,1,0,0,0,1
559,ODIs,2,2,90,97,1,1/34,1/34,97.00,6.46,90.0,0,0,0,1,0,0,0,1
560,ODIs,8,0,0,0,0,0,0,0,0,0,0,0,0,1,0,0,0,1
561,ODIs,164,150,6511,5874,199,6/43,6/43,29.51,5.41,32.7,6,1,0,0,0,5,5,5
562,ODIs,21,0,0,0,0,0,0,0,0,0,0,0,0,1,0,0,0,1
563,ODIs,42,40,1894,1756,48,4/31,4/31,36.58,5.56,39.4,2,0,0,0,0,5,5,5
564,ODIs,183,11,109,98,4,2/6,2/6,24.50,5.39,27.2,0,0,0,0,0,5,5,5
565,ODIs,16,0,0,0,0,0,0,0,0,0,0,0,0,1,0,0,0,1
566,ODIs,40,39,2153,1414,63,5/50,5/50,22.44,3.94,34.1,2,1,0,0,0,5,5,5
567,ODIs,1,0,0,0,0,0,0,0,0,0,0,0,0,1,0,0,0,1
568,ODIs,2,0,0,0,0,0,0,0,0,0,0,0,0,1,0,0,0,1
569,ODIs,105,0,0,0,0,0,0,0,0,0,0,0,0,1,0,0,0,1
570,ODIs,76,2,20,28,0,0,0,0,8.40,0,0,0,0,1,0,0,0,1
571,ODIs,24,18,445,413,7,3/27,3/27,59.00,5.56,63.5,0,0,0,0,0,5,5,5
572,ODIs,6,0,0,0,0,0,0,0,0,0,0,0,0,1,0,0,0,1
573,ODIs,217,158,5191,4003,120,6/20,6/20,33.35,4.62,43.2,2,1,0,0,0,5,5,5
574,ODIs,44,40,1825,1766,43,5/27,5/27,41.06,5.80,42.4,2,1,0,0,0,5,5,5
575,ODIs,248,48,641,665,4,1/15,1/15,166.25,6.22,160.2,0,0,0,0,0,5,5,5
576,ODIs,99,0,0,0,0,0,0,0,0,0,0,0,0,1,0,0,0,1
577,ODIs,27,21,601,547,9,2/27,2/27,60.77,5.46,66.7,0,0,0,0,0,5,5,5
578,ODIs,23,0,0,0,0,0,0,0,0,0,0,0,0,1,0,0,0,1
579,ODIs,2,0,0,0,0,0,0,0,0,0,0,0,0,1,0,0,0,1
580,ODIs,7,0,0,0,0,0,0,0,0,0,0,0,0,1,0,0,0,1
581,ODIs,11,11,498,401,12,4/23,4/23,33.41,4.83,41.5,1,0,0,0,0,5,5,5
582,ODIs,90,90,4944,4148,164,7/34,7/34,25.29,5.03,30.1,7,5,0,0,0,5,5,5
583,ODIs,2,0,0,0,0,0,0,0,0,0,0,0,0,1,0,0,0,1
584,ODIs,64,50,1797,1635,48,4/27,4/27,34.06,5.45,37.4,2,0,0,0,0,5,5,5
585,ODIs,117,73,2392,1902,43,6/55,6/55,44.23,4.77,55.6,1,1,0,0,0,5,5,5
586,ODIs,4,4,182,103,11,4/5,4/5,9.36,3.39,16.5,1,0,0,0,0,5,5,5
587,ODIs,153,152,7965,6065,207,5/29,5/29,29.29,4.56,38.4,5,4,0,0,0,5,5,5
588,ODIs,207,2,6,13,0,0,0,0,13.00,0,0,0,0,1,0,0,0,1
589,ODIs,15,15,727,681,16,4/51,4/51,42.56,5.62,45.4,1,0,0,0,0,5,5,5
590,ODIs,1,1,42,49,1,1/49,1/49,49.00,7.00,42.0,0,0,0,1,0,0,0,1
591,ODIs,2,0,0,0,0,0,0,0,0,0,0,0,0,1,0,0,0,1
592,ODIs,1,1,12,12,1,1/12,1/12,12.00,6.00,12.0,0,0,0,1,0,0,0,1
593,ODIs,2,2,66,67,0,0,0,0,6.09,0,0,0,0,1,0,0,0,1
594,ODIs,1,1,12,16,0,0,0,0,8.00,0,0,0,0,1,0,0,0,1
595,ODIs,18,2,12,15,0,0,0,0,7.50,0,0,0,0,1,0,0,0,1
596,ODIs,127,4,104,94,3,2/36,2/36,31.33,5.42,34.6,0,0,0,0,2,0,0,2
597,ODIs,5,4,150,143,5,3/65,3/65,28.60,5.72,30.0,0,0,0,0,0,5,5,5
598,ODIs,2,0,0,0,0,0,0,0,0,0,0,0,0,1,0,0,0,1
599,ODIs,67,3,60,68,2,1/26,1/26,34.00,6.80,30.0,0,0,0,0,2,0,0,2
600,ODIs,21,0,0,0,0,0,0,0,0,0,0,0,0,1,0,0,0,1
601,ODIs,93,0,0,0,0,0,0,0,0,0,0,0,0,1,0,0,0,1
602,ODIs,18,15,750,499,18,3/15,3/15,27.72,3.99,41.6,0,0,0,0,0,5,5,5
603,ODIs,1,1,12,14,0,0,0,0,7.00,0,0,0,0,1,0,0,0,1
604,ODIs,7,7,387,392,12,5/46,5/46,32.66,6.07,32.2,0,1,0,0,0,5,5,5
605,ODIs,3,0,0,0,0,0,0,0,0,0,0,0,0,1,0,0,0,1
606,ODIs,7,0,0,0,0,0,0,0,0,0,0,0,0,1,0,0,0,1
607,ODIs,9,9,402,392,9,4/57,4/57,43.55,5.85,44.6,1,0,0,0,0,5,5,5
608,ODIs,29,29,1626,1334,29,4/44,4/44,46.00,4.92,56.0,1,0,0,0,0,5,5,5
609,ODIs,19,18,924,847,40,6/35,6/35,21.17,5.50,23.1,4,1,0,0,0,5,5,5
610,ODIs,37,0,0,0,0,0,0,0,0,0,0,0,0,1,0,0,0,1
611,ODIs,76,76,3601,3216,110,4/12,4/12,29.23,5.35,32.7,4,0,0,0,0,5,5,5
612,ODIs,3,2,23,15,1,1/3,1/3,15.00,3.91,23.0,0,0,0,1,0,0,0,1
613,ODIs,1,1,18,17,0,0,0,0,5.66,0,0,0,0,1,0,0,0,1
614,ODIs,12,12,411,392,15,4/30,4/30,26.13,5.72,27.4,1,0,0,0,0,5,5,5
615,ODIs,4,0,0,0,0,0,0,0,0,0,0,0,0,1,0,0,0,1
616,ODIs,15,2,38,34,1,1/21,1/21,34.00,5.36,38.0,0,0,0,1,0,0,0,1
617,ODIs,3,0,0,0,0,0,0,0,0,0,0,0,0,1,0,0,0,1
618,ODIs,61,60,3013,2400,81,5/30,5/30,29.62,4.77,37.1,1,1,0,0,0,5,5,5
619,ODIs,25,0,0,0,0,0,0,0,0,0,0,0,0,1,0,0,0,1
620,ODIs,6,0,0,0,0,0,0,0,0,0,0,0,0,1,0,0,0,1
621,ODIs,14,12,396,397,4,2/40,2/40,99.25,6.01,99.0,0,0,0,0,0,5,5,5
622,ODIs,33,12,136,160,4,2/14,2/14,40.00,7.05,34.0,0,0,0,0,0,5,5,5
623,ODIs,44,44,1983,1589,43,4/24,4/24,36.95,4.80,46.1,2,0,0,0,0,5,5,5
624,ODIs,20,19,771,866,27,5/21,5/21,32.07,6.73,28.5,1,1,0,0,0,5,5,5
625,ODIs,37,13,331,329,11,3/16,3/16,29.90,5.96,30.0,0,0,0,0,0,5,5,5
626,ODIs,1,0,0,0,0,0,0,0,0,0,0,0,0,1,0,0,0,1
627,ODIs,9,9,510,337,12,4/11,4/11,28.08,3.96,42.5,1,0,0,0,0,5,5,5
628,ODIs,43,41,2088,1750,59,4/28,4/28,29.66,5.02,35.3,3,0,0,0,0,5,5,5
629,ODIs,21,9,225,230,4,2/50,2/50,57.50,6.13,56.2,0,0,0,0,0,5,5,5
630,ODIs,10,10,540,378,18,4/49,4/49,21.00,4.20,30.0,1,0,0,0,0,5,5,5
631,ODIs,32,32,1678,1555,52,4/48,4/48,29.90,5.56,32.2,1,0,0,0,0,5,5,5
632,ODIs,123,1,6,8,0,0,0,0,8.00,0,0,0,0,1,0,0,0,1
633,ODIs,69,67,3550,2996,102,5/33,5/33,29.37,5.06,34.8,4,2,0,0,0,5,5,5
634,ODIs,33,32,1620,1508,43,4/58,4/58,35.06,5.58,37.6,1,0,0,0,0,5,5,5
635,ODIs,11,11,324,202,16,4/36,4/36,12.62,3.74,20.2,1,0,0,0,0,5,5,5
636,ODIs,19,0,0,0,0,0,0,0,0,0,0,0,0,1,0,0,0,1
637,ODIs,147,1,6,13,0,0,0,0,13.00,0,0,0,0,1,0,0,0,1
638,ODIs,12,11,491,480,11,3/50,3/50,43.63,5.86,44.6,0,0,0,0,0,5,5,5
639,ODIs,79,30,666,566,10,2/44,2/44,56.60,5.09,66.6,0,0,0,0,0,5,5,5
640,ODIs,5,0,0,0,0,0,0,0,0,0,0,0,0,1,0,0,0,1
641,ODIs,2,0,0,0,0,0,0,0,0,0,0,0,0,1,0,0,0,1
642,ODIs,12,0,0,0,0,0,0,0,0,0,0,0,0,1,0,0,0,1
643,ODIs,15,15,699,607,17,4/42,4/42,35.70,5.21,41.1,1,0,0,0,0,5,5,5
644,ODIs,5,4,120,79,2,2/37,2/37,39.50,3.95,60.0,0,0,0,0,2,0,0,2
645,ODIs,1,1,30,25,1,1/25,1/25,25.00,5.00,30.0,0,0,0,1,0,0,0,1
646,ODIs,2,0,0,0,0,0,0,0,0,0,0,0,0,1,0,0,0,1
647,ODIs,1,1,36,50,2,2/50,2/50,25.00,8.33,18.0,0,0,0,0,2,0,0,2
648,ODIs,4,4,138,101,1,1/31,1/31,101.00,4.39,138.0,0,0,0,1,0,0,0,1
649,ODIs,18,18,786,733,18,4/47,4/47,40.72,5.59,43.6,1,0,0,0,0,5,5,5
650,ODIs,12,2,72,74,0,0,0,0,6.16,0,0,0,0,1,0,0,0,1
651,ODIs,40,0,0,0,0,0,0,0,0,0,0,0,0,1,0,0,0,1
652,ODIs,71,67,3242,2362,74,4/20,4/20,31.91,4.37,43.8,1,0,0,0,0,5,5,5
653,ODIs,4,4,126,85,8,5/24,5/24,10.62,4.04,15.7,0,1,0,0,0,5,5,5
654,ODIs,1,0,0,0,0,0,0,0,0,0,0,0,0,1,0,0,0,1
655,ODIs,32,0,0,0,0,0,0,0,0,0,0,0,0,1,0,0,0,1
