,Unnamed: 0,Mat,Inns,NO,Runs,HS,Ave,BF,SR,100,50,4s,6s,Ct,St,output
0,ODIs,84,84,3,2727,131*,33.66,3082,88.48,6,14,323,55,64,25,5
1,ODIs,5,4,1,68,32,22.66,116,58.62,0,0,5,2,2,0,3
2,ODIs,10,6,6,14,7*,0,31,45.16,0,0,1,0,3,0,1
3,ODIs,18,18,0,653,127,36.27,676,96.59,2,3,70,11,6,0,5
4,ODIs,10,8,3,74,19*,14.80,89,83.14,0,0,11,0,4,0,3
5,ODIs,4,3,2,95,62,95.00,96,98.95,0,1,8,5,0,0,4
6,ODIs,1,1,0,2,2,2.00,8,25.00,0,0,0,0,0,0,1
7,ODIs,6,4,0,60,28,15.00,40,150.00,0,0,3,5,1,0,3
8,ODIs,51,17,10,56,13,8.00,63,88.88,0,0,6,0,11,0,3
9,ODIs,10,8,2,78,28,13.00,105,74.28,0,0,5,2,2,0,4
10,ODIs,39,39,4,943,109*,26.94,1161,81.22,1,5,78,12,9,0,5
11,ODIs,4,3,2,9,8*,9.00,21,42.85,0,0,1,0,2,0,1
12,ODIs,4,2,0,19,11,9.50,30,63.33,0,0,2,0,0,0,1
13,ODIs,58,44,10,636,72,18.70,769,82.70,0,1,48,13,13,0,5
14,ODIs,41,38,2,646,78*,17.94,1085,59.53,0,1,46,2,29,4,5
15,ODIs,12,12,2,113,27,11.30,149,75.83,0,0,8,5,5,0,5
16,ODIs,2,2,0,31,22,15.50,35,88.57,0,0,4,0,1,0,2
17,ODIs,1,0,0,0,0,0,0,0,0,0,0,0,0,0,1
18,ODIs,2,2,0,20,20,10.00,19,105.26,0,0,3,0,1,0,1
19,ODIs,2,2,0,33,33,16.50,58,56.89,0,0,2,0,1,0,2
20,ODIs,18,14,1,361,52,27.76,280,128.92,0,3,20,21,5,0,5
21,ODIs,4,0,0,0,0,0,0,0,0,0,0,0,2,0,1
22,ODIs,123,121,6,5267,179,45.80,5500,95.76,18,21,555,82,55,0,5
23,ODIs,206,194,27,6323,134*,37.86,7641,82.75,9,47,574,42,50,0,5
24,ODIs,65,52,8,1281,100,29.11,1605,79.81,1,6,112,15,34,0,5
25,ODIs,11,11,0,182,62,16.54,342,53.21,0,1,14,0,5,0,5
26,ODIs,11,11,0,262,96,23.81,396,66.16,0,2,33,0,4,0,5
27,ODIs,85,68,9,1397,170*,23.67,1220,114.50,1,4,149,43,105,12,5
28,ODIs,6,6,2,146,61,36.50,164,89.02,0,1,12,5,1,0,5
29,ODIs,5,3,2,7,6*,7.00,6,116.66,0,0,0,0,1,0,1
30,ODIs,3,0,0,0,0,0,0,0,0,0,0,0,1,0,1
31,ODIs,54,40,6,566,71,16.64,931,60.79,0,3,66,2,10,0,5
32,ODIs,41,38,7,1050,146*,33.87,1143,91.86,1,6,89,36,12,0,5
33,ODIs,4,4,1,14,7,4.66,26,53.84,0,0,2,0,0,0,1
34,ODIs,207,205,9,7202,158,36.74,9153,78.68,13,47,783,91,54,0,5
35,ODIs,10,4,2,9,8*,4.50,11,81.81,0,0,0,1,1,0,1
36,ODIs,3,2,0,50,32,25.00,55,90.90,0,0,7,1,0,0,3
37,ODIs,76,31,17,68,25,4.85,127,53.54,0,0,4,1,8,0,3
38,ODIs,9,6,1,14,10,2.80,30,46.66,0,0,0,1,1,0,1
39,ODIs,7,3,0,11,7,3.66,16,68.75,0,0,1,0,1,0,1
40,ODIs,1,0,0,0,0,0,0,0,0,0,0,0,1,0,1
41,ODIs,14,7,4,8,6*,2.66,37,21.62,0,0,0,0,1,0,1
42,ODIs,3,3,0,20,12,6.66,28,71.42,0,0,2,1,0,0,1
43,ODIs,32,21,6,252,92,16.80,262,96.18,0,1,20,6,7,0,5
44,ODIs,3,3,0,40,38,13.33,49,81.63,0,0,6,1,2,0,2
45,ODIs,113,108,13,2902,124,30.54,4132,70.23,3,18,239,68,34,0,5
46,ODIs,47,45,2,1059,107,24.62,1506,70.31,1,5,110,9,13,0,5
47,ODIs,90,87,3,2962,111,35.26,3767,78.63,3,24,293,33,48,0,5
48,ODIs,1,0,0,0,0,0,0,0,0,0,0,0,0,0,1
49,ODIs,136,133,7,5688,143,45.14,6050,94.01,17,29,710,69,62,0,5
50,ODIs,165,110,38,2296,87,31.88,2671,85.96,0,12,172,43,58,0,5
51,ODIs,2,2,0,69,41,34.50,56,123.21,0,0,12,2,1,0,3
52,ODIs,5,5,0,27,9,5.40,59,45.76,0,0,2,0,2,0,2
53,ODIs,5,5,3,20,13,10.00,25,80.00,0,0,1,1,1,0,1
54,ODIs,7,5,4,30,11*,30.00,25,120.00,0,0,2,1,1,0,2
55,ODIs,78,73,6,1882,101*,28.08,2535,74.24,1,13,125,39,29,0,5
56,ODIs,5,2,2,1,1*,0,6,16.66,0,0,0,0,2,0,1
57,ODIs,8,8,6,30,7*,15.00,61,49.18,0,0,3,0,0,0,2
58,ODIs,8,7,0,142,52,20.28,173,82.08,0,1,8,5,1,0,5
59,ODIs,35,34,3,783,101,25.25,1222,64.07,1,4,86,16,8,0,5
60,ODIs,1,0,0,0,0,0,0,0,0,0,0,0,2,0,1
61,ODIs,51,48,3,1610,176*,35.77,1919,83.89,3,8,166,43,17,0,5
62,ODIs,1,1,0,2,2,2.00,9,22.22,0,0,0,0,1,0,1
63,ODIs,37,37,5,1723,151,53.84,2141,80.47,7,6,135,15,7,0,5
64,ODIs,51,50,1,1216,114,24.81,1923,63.23,1,7,132,4,15,0,5
65,ODIs,75,28,12,259,31*,16.18,333,77.77,0,0,20,5,22,0,5
66,ODIs,35,30,10,549,52*,27.45,633,86.72,0,2,53,11,13,0,5
67,ODIs,49,45,5,1109,131*,27.72,1020,108.72,1,4,86,55,11,0,5
68,ODIs,8,8,0,206,62,25.75,268,76.86,0,1,22,4,7,2,5
69,ODIs,111,61,19,675,65,16.07,776,86.98,0,1,59,6,30,0,5
70,ODIs,209,208,4,5658,178*,27.73,7728,73.21,5,34,585,86,71,0,5
71,ODIs,1,0,0,0,0,0,0,0,0,0,0,0,0,0,1
72,ODIs,151,144,14,6173,148,47.48,7551,81.75,13,39,563,49,60,0,5
73,ODIs,21,16,6,707,95,70.70,864,81.82,0,7,41,16,9,0,5
74,ODIs,18,15,3,190,78,15.83,200,95.00,0,1,15,8,5,0,5
75,ODIs,36,18,8,100,28,10.00,157,63.69,0,0,9,1,8,0,5
76,ODIs,62,60,8,1964,137*,37.76,2995,65.57,2,16,182,8,59,9,5
77,ODIs,38,34,3,736,95,23.74,962,76.50,0,4,79,7,30,9,5
78,ODIs,3,2,1,23,16*,23.00,23,100.00,0,0,2,1,1,0,1
79,ODIs,127,106,14,3194,139*,34.71,4419,72.27,4,21,246,25,38,0,5
80,ODIs,84,41,21,57,9*,2.85,210,27.14,0,0,1,0,11,0,3
81,ODIs,4,3,1,71,44*,35.50,81,87.65,0,0,5,0,4,0,3
82,ODIs,3,2,1,2,2*,2.00,7,28.57,0,0,0,0,1,0,1
83,ODIs,9,3,1,2,1*,1.00,7,28.57,0,0,0,0,4,0,1
84,ODIs,3,3,1,152,129*,76.00,166,91.56,1,0,11,4,3,0,5
85,ODIs,18,16,1,748,103,49.86,742,100.80,1,8,73,17,8,0,5
86,ODIs,45,42,7,895,84,25.57,1154,77.55,0,5,90,8,20,0,5
87,ODIs,4,4,2,68,32*,34.00,73,93.15,0,0,6,3,3,0,3
88,ODIs,55,54,3,1728,127*,33.88,1753,98.57,2,11,200,42,33,0,5
89,ODIs,45,28,10,296,79,16.44,413,71.67,0,1,17,6,19,0,5
90,ODIs,71,56,9,905,60*,19.25,906,99.88,0,4,81,28,22,0,5
91,ODIs,12,12,3,234,86,26.00,386,60.62,0,2,18,1,3,3,5
92,ODIs,65,56,8,1041,82*,21.68,1424,73.10,0,5,84,25,12,0,5
93,ODIs,14,13,1,177,34,14.75,234,75.64,0,0,16,3,7,0,5
94,ODIs,2,1,0,0,0,0.00,2,0.00,0,0,0,0,0,0,1
95,ODIs,34,28,6,474,59*,21.54,437,108.46,0,3,41,17,18,0,5
96,ODIs,9,9,0,185,73,20.55,269,68.77,0,2,26,1,1,0,5
97,ODIs,12,11,2,162,32,18.00,170,95.29,0,0,11,7,3,0,5
98,ODIs,102,83,14,1783,128,25.84,1713,104.08,3,5,157,60,32,0,5
99,ODIs,42,39,2,1273,128,34.40,1414,90.02,1,10,135,16,12,0,5
100,ODIs,24,21,2,430,56,22.63,408,105.39,0,2,27,24,11,3,5
101,ODIs,22,20,1,632,117,33.26,649,97.38,1,4,46,6,14,0,5
102,ODIs,5,5,0,32,16,6.40,67,47.76,0,0,3,0,2,0,2
103,ODIs,7,6,0,305,108,50.83,323,94.42,1,2,21,0,1,0,5
104,ODIs,2,2,0,122,69,61.00,218,55.96,0,2,14,1,0,0,5
105,ODIs,74,72,10,3359,125*,54.17,3857,87.08,11,15,289,31,36,0,5
106,ODIs,7,6,0,138,46,23.00,192,71.87,0,0,20,0,1,0,5
107,ODIs,2,2,0,12,8,6.00,18,66.66,0,0,1,0,0,0,1
108,ODIs,68,65,3,1958,122,31.58,2680,73.05,2,16,162,50,28,0,5
109,ODIs,55,50,14,1694,124*,47.05,2143,79.04,3,10,145,30,17,0,5
110,ODIs,24,22,4,421,70*,23.38,725,58.06,0,2,27,8,7,0,5
111,ODIs,78,78,2,2434,144,32.02,3423,71.10,4,16,238,37,21,0,5
112,ODIs,13,7,3,16,14,4.00,31,51.61,0,0,3,0,3,0,1
113,ODIs,5,2,1,53,45,53.00,55,96.36,0,0,7,2,3,0,3
114,ODIs,12,5,5,14,10*,0,27,51.85,0,0,1,0,4,0,1
115,ODIs,21,21,2,507,102,26.68,665,76.24,1,2,49,5,13,0,5
116,ODIs,32,32,2,799,111,26.63,767,104.17,1,5,93,20,17,0,5
117,ODIs,9,5,2,41,16,13.66,56,73.21,0,0,5,0,17,1,2
118,ODIs,105,99,12,2072,113,23.81,2880,71.94,1,12,180,21,73,10,5
119,ODIs,1,1,1,15,15*,0,26,57.69,0,0,0,1,0,0,1
120,ODIs,1,1,0,9,9,9.00,33,27.27,0,0,0,0,0,0,1
121,ODIs,2,2,0,12,7,6.00,39,30.76,0,0,0,0,0,0,1
122,ODIs,21,18,1,196,35,11.52,330,59.39,0,0,14,6,12,0,5
123,ODIs,16,14,0,211,70,15.07,344,61.33,0,1,21,1,8,0,5
124,ODIs,25,14,10,90,28,22.50,147,61.22,0,0,8,0,4,0,4
125,ODIs,34,25,7,343,55*,19.05,527,65.08,0,1,27,8,4,0,5
126,ODIs,46,46,4,1958,210*,46.61,2056,95.23,4,13,228,32,21,0,5
127,ODIs,2,2,0,11,6,5.50,20,55.00,0,0,1,0,1,0,1
128,ODIs,14,7,3,13,7*,3.25,22,59.09,0,0,1,0,4,0,1
129,ODIs,113,104,8,2496,119,26.00,2637,94.65,3,10,157,125,61,0,5
130,ODIs,47,47,0,955,112,20.31,1190,80.25,1,3,93,24,12,0,5
131,ODIs,19,12,2,158,57,15.80,214,73.83,0,1,11,3,3,0,5
132,ODIs,30,21,5,148,18,9.25,247,59.91,0,0,13,1,10,0,5
133,ODIs,10,10,0,222,56,22.20,321,69.15,0,2,29,1,3,0,5
134,ODIs,18,15,6,134,42*,14.88,218,61.46,0,0,8,3,6,0,5
135,ODIs,117,114,2,4121,177,36.79,4750,86.75,8,24,451,89,45,0,5
136,ODIs,1,1,0,0,0,0.00,4,0.00,0,0,0,0,0,0,1
137,ODIs,4,2,1,3,3*,3.00,19,15.78,0,0,0,0,2,0,1
138,ODIs,15,8,4,42,13,10.50,80,52.50,0,0,2,0,3,0,2
139,ODIs,38,37,1,1249,133,34.69,1454,85.90,2,8,128,16,12,0,5
140,ODIs,39,36,3,924,92,28.00,1263,73.15,0,4,95,10,18,0,5
141,ODIs,3,2,0,78,50,39.00,75,104.00,0,1,6,5,0,0,4
142,ODIs,53,53,3,1845,102,36.90,2478,74.45,3,12,168,14,8,0,5
143,ODIs,9,7,0,38,16,5.42,54,70.37,0,0,4,1,1,0,2
144,ODIs,5,2,0,28,28,14.00,18,155.55,0,0,4,1,1,0,2
145,ODIs,3,2,0,14,10,7.00,17,82.35,0,0,1,0,0,0,1
146,ODIs,31,27,2,683,97,27.32,920,74.23,0,5,66,0,10,0,5
147,ODIs,15,15,0,411,118,27.40,520,79.03,1,2,37,10,3,0,5
148,ODIs,28,24,1,482,58,20.95,527,91.46,0,4,38,10,13,2,5
149,ODIs,25,25,3,562,61,25.54,732,76.77,0,2,62,13,11,0,5
150,ODIs,8,8,1,142,56,20.28,196,72.44,0,1,13,0,13,1,5
151,ODIs,17,4,1,6,6,2.00,7,85.71,0,0,0,1,3,0,1
152,ODIs,25,23,4,932,118,49.05,875,106.51,1,7,87,30,8,1,5
153,ODIs,87,83,2,3434,180,42.39,3201,107.27,9,18,395,70,31,0,5
154,ODIs,103,101,9,2581,109,28.05,3638,70.94,1,18,218,30,90,14,5
155,ODIs,3,3,0,84,40,28.00,82,102.43,0,0,12,2,0,0,4
156,ODIs,23,23,1,468,62,21.27,584,80.13,0,2,56,8,7,0,5
157,ODIs,9,7,0,43,18,6.14,68,63.23,0,0,4,2,0,0,2
158,ODIs,54,40,14,502,44,19.30,513,97.85,0,0,44,12,15,0,5
159,ODIs,199,179,40,5117,150*,36.81,6052,84.55,4,27,347,75,82,0,5
160,ODIs,4,4,0,97,39,24.25,144,67.36,0,0,11,2,3,0,4
161,ODIs,13,6,3,17,7*,5.66,45,37.77,0,0,2,0,3,0,1
162,ODIs,5,3,3,30,15*,0,40,75.00,0,0,1,0,0,0,2
163,ODIs,18,17,1,242,45,15.12,412,58.73,0,0,15,4,10,0,5
164,ODIs,52,9,3,49,18*,8.16,84,58.33,0,0,7,0,15,0,2
165,ODIs,59,47,14,745,71,22.57,1159,64.27,0,2,57,6,18,0,5
166,ODIs,33,32,9,1541,119,67.00,1757,87.70,5,9,130,29,13,0,5
167,ODIs,14,7,2,29,11*,5.80,43,67.44,0,0,3,1,2,0,2
168,ODIs,8,8,1,211,69,30.14,269,78.43,0,1,16,1,2,0,5
169,ODIs,11,11,2,253,109,28.11,327,77.37,1,1,27,5,6,0,5
170,ODIs,58,34,15,563,69*,29.63,643,87.55,0,1,55,19,13,0,5
171,ODIs,65,38,14,508,56,21.16,648,78.39,0,1,39,8,12,0,5
172,ODIs,5,4,0,5,5,1.25,9,55.55,0,0,1,0,0,0,1
173,ODIs,107,36,16,157,29,7.85,225,69.77,0,0,21,1,25,0,5
174,ODIs,16,16,0,361,67,22.56,409,88.26,0,2,38,17,3,0,5
175,ODIs,25,16,6,35,14,3.50,56,62.50,0,0,3,1,5,0,2
176,ODIs,1,0,0,0,0,0,0,0,0,0,0,0,0,0,1
177,ODIs,9,9,0,154,45,17.11,132,116.66,0,0,18,9,1,0,5
178,ODIs,228,218,39,9577,176,53.50,9473,101.09,25,53,840,204,176,5,5
179,ODIs,60,33,21,48,12,4.00,149,32.21,0,0,5,2,11,0,2
180,ODIs,3,3,0,62,27,20.66,70,88.57,0,0,4,0,0,0,3
181,ODIs,7,7,1,63,23,10.50,140,45.00,0,0,6,0,2,0,3
182,ODIs,20,15,1,228,39,16.28,251,90.83,0,0,24,3,8,0,5
183,ODIs,5,5,2,26,14,8.66,38,68.42,0,0,2,1,0,0,2
184,ODIs,5,4,1,163,84,54.33,211,77.25,0,1,18,1,2,0,5
185,ODIs,2,1,1,11,11*,0,6,183.33,0,0,1,0,0,0,1
186,ODIs,19,19,0,455,72,23.94,677,67.20,0,6,40,11,7,0,5
187,ODIs,5,1,0,7,7,7.00,13,53.84,0,0,0,0,2,0,1
188,ODIs,121,110,17,3194,102*,34.34,3712,86.04,2,20,268,53,77,13,5
189,ODIs,10,10,2,272,58,34.00,379,71.76,0,3,23,3,5,0,5
190,ODIs,2,2,0,11,7,5.50,23,47.82,0,0,0,0,0,0,1
191,ODIs,41,26,4,393,51,17.86,508,77.36,0,1,39,4,13,0,5
192,ODIs,6,6,0,90,52,15.00,145,62.06,0,1,7,1,0,0,4
193,ODIs,7,7,1,62,34*,10.33,91,68.13,0,0,6,1,2,0,3
194,ODIs,64,15,10,19,10*,3.80,44,43.18,0,0,2,1,17,0,1
195,ODIs,6,6,0,335,113,55.83,363,92.28,1,1,30,4,4,0,5
196,ODIs,58,50,5,1004,96,22.31,1176,85.37,0,5,84,19,28,0,5
197,ODIs,22,10,1,135,50,15.00,145,93.10,0,1,9,4,6,0,5
198,ODIs,2,2,0,46,39,23.00,88,52.27,0,0,6,0,0,0,2
199,ODIs,19,13,5,85,22,10.62,101,84.15,0,0,3,7,7,0,4
200,ODIs,142,117,23,3843,150,40.88,3207,119.83,9,20,321,125,171,31,5
201,ODIs,3,2,1,18,12,18.00,22,81.81,0,0,1,0,0,0,1
202,ODIs,54,38,6,957,83,29.90,828,115.57,0,4,69,40,22,0,5
203,ODIs,2,1,0,25,25,25.00,17,147.05,0,0,2,2,0,0,2
204,ODIs,1,1,0,9,9,9.00,6,150.00,0,0,1,0,0,0,1
205,ODIs,153,97,39,779,53*,13.43,1020,76.37,0,1,55,21,32,0,5
206,ODIs,143,136,20,5507,185,47.47,6215,88.60,12,35,495,66,81,0,5
207,ODIs,26,25,3,590,52,26.81,504,117.06,0,1,46,29,9,0,5
208,ODIs,33,14,3,81,24,7.36,104,77.88,0,0,4,4,8,0,4
209,ODIs,7,5,1,52,20,13.00,47,110.63,0,0,5,1,2,0,3
210,ODIs,39,39,6,1062,97*,32.18,1667,63.70,0,9,90,3,9,0,5
211,ODIs,8,8,2,267,129*,44.50,324,82.40,1,0,22,7,5,0,5
212,ODIs,5,3,0,15,8,5.00,23,65.21,0,0,0,1,2,0,1
213,ODIs,57,53,2,1271,87,24.92,1214,104.69,0,8,138,36,22,0,5
214,ODIs,22,3,2,0,0*,0.00,2,0.00,0,0,0,0,5,0,1
215,ODIs,44,42,6,1115,139*,30.97,1615,69.04,2,6,93,8,22,0,5
216,ODIs,10,7,1,46,20,7.66,43,106.97,0,0,7,0,7,0,2
217,ODIs,8,8,0,60,20,7.50,135,44.44,0,0,7,2,2,0,3
218,ODIs,8,8,2,145,60,24.16,144,100.69,0,1,5,7,3,0,5
219,ODIs,2,2,0,16,9,8.00,32,50.00,0,0,2,0,0,0,1
220,ODIs,2,1,0,7,7,7.00,12,58.33,0,0,0,0,0,0,1
221,ODIs,80,28,13,72,13,4.80,203,35.46,0,0,6,0,19,0,3
222,ODIs,43,22,9,337,54,25.92,491,68.63,0,3,20,4,8,0,5
223,ODIs,15,12,3,199,53,22.11,213,93.42,0,1,15,3,5,0,5
224,ODIs,143,86,32,679,55,12.57,696,97.55,0,1,53,26,39,0,5
225,ODIs,6,5,1,75,42*,18.75,64,117.18,0,0,4,5,2,0,4
226,ODIs,2,2,1,145,86*,145.00,200,72.50,0,2,13,1,2,0,5
227,ODIs,4,1,1,7,7*,0,10,70.00,0,0,1,0,2,0,1
228,ODIs,11,11,2,252,72,28.00,403,62.53,0,1,22,3,7,4,5
229,ODIs,1,0,0,0,0,0,0,0,0,0,0,0,1,0,1
230,ODIs,28,13,7,121,29*,20.16,157,77.07,0,0,9,4,9,0,5
231,ODIs,3,2,0,1,1,0.50,3,33.33,0,0,0,0,1,0,1
232,ODIs,93,90,11,2571,130*,32.54,3406,75.48,3,15,230,36,42,0,5
233,ODIs,13,13,1,294,56,24.50,339,86.72,0,2,36,8,2,0,5
234,ODIs,94,80,11,1777,100*,25.75,2164,82.11,1,10,122,32,108,9,5
235,ODIs,2,2,1,9,7*,9.00,31,29.03,0,0,1,0,1,0,1
236,ODIs,301,294,17,10480,215,37.83,12019,87.19,25,54,1128,331,124,0,5
237,ODIs,42,25,10,164,29*,10.93,263,62.35,0,0,17,1,7,0,5
238,ODIs,2,1,1,25,25*,0,24,104.16,0,0,1,2,2,0,2
239,ODIs,5,5,0,43,23,8.60,94,45.74,0,0,4,0,0,0,2
240,ODIs,59,57,2,2409,156,43.80,2795,86.18,4,17,307,34,16,0,5
241,ODIs,10,5,2,99,46*,33.00,115,86.08,0,0,11,1,2,0,4
242,ODIs,23,22,2,976,101,48.80,1391,70.16,1,8,82,4,12,0,5
243,ODIs,23,14,7,93,19*,13.28,150,62.00,0,0,7,0,4,0,4
244,ODIs,37,31,1,633,80,21.10,953,66.42,0,3,57,15,11,0,5
245,ODIs,77,36,17,147,25,7.73,180,81.66,0,0,11,6,27,0,5
246,ODIs,1,1,1,0,0*,0,3,0.00,0,0,0,0,1,0,1
247,ODIs,11,8,2,181,58,30.16,244,74.18,0,1,13,5,9,0,5
248,ODIs,2,2,1,9,8*,9.00,13,69.23,0,0,0,0,1,0,1
249,ODIs,133,129,18,3761,129*,33.88,4606,81.65,3,31,314,39,50,0,5
250,ODIs,17,10,1,53,15,5.88,125,42.40,0,0,5,0,4,0,3
251,ODIs,139,136,3,4091,139,30.75,5916,69.15,11,17,426,30,64,0,5
252,ODIs,4,4,0,75,44,18.75,89,84.26,0,0,5,3,3,0,4
253,ODIs,55,24,7,117,22,6.88,179,65.36,0,0,8,1,11,0,5
254,ODIs,58,36,12,188,23*,7.83,298,63.08,0,0,17,1,16,0,5
255,ODIs,1,1,1,61,61*,0,76,80.26,0,1,3,1,2,1,3
256,ODIs,5,5,1,58,24,14.50,111,52.25,0,0,3,1,4,0,3
257,ODIs,11,5,3,19,11*,9.50,15,126.66,0,0,0,0,3,0,1
258,ODIs,84,74,12,1811,96,29.20,2765,65.49,0,11,137,26,21,0,5
259,ODIs,53,39,16,952,63*,41.39,868,109.67,0,5,90,17,12,0,5
260,ODIs,4,2,1,4,3,4.00,19,21.05,0,0,0,0,2,0,1
261,ODIs,17,10,3,66,21,9.42,100,66.00,0,0,3,2,5,0,3
262,ODIs,188,163,42,4070,128*,33.63,5311,76.63,3,21,317,57,64,0,5
263,ODIs,224,217,32,9115,264,49.27,10250,88.92,29,43,817,244,77,0,5
264,ODIs,92,57,34,308,34,13.39,576,53.47,0,0,24,6,21,0,5
265,ODIs,25,19,6,165,35*,12.69,285,57.89,0,0,9,4,3,0,5
266,ODIs,6,6,0,146,69,24.33,184,79.34,0,1,16,1,2,0,5
267,ODIs,6,5,1,142,84*,35.50,111,127.92,0,1,8,8,2,0,5
268,ODIs,8,6,0,171,74,28.50,184,92.93,0,1,22,4,2,0,5
269,ODIs,26,26,1,496,52,19.84,726,68.31,0,1,57,7,9,0,5
270,ODIs,5,3,1,33,32*,16.50,42,78.57,0,0,2,0,2,0,2
271,ODIs,8,8,0,151,39,18.87,267,56.55,0,0,19,0,3,0,5
272,ODIs,20,20,2,478,68,26.55,791,60.42,0,3,50,15,16,4,5
273,ODIs,40,39,2,1554,104,42.00,1848,84.09,2,12,150,13,13,0,5
274,ODIs,42,28,13,64,21*,4.26,130,49.23,0,0,5,0,11,0,3
275,ODIs,1,0,0,0,0,0,0,0,0,0,0,0,0,0,1
276,ODIs,9,8,3,67,25,13.40,144,46.52,0,0,2,1,3,0,3
277,ODIs,11,3,1,10,5,5.00,27,37.03,0,0,1,0,1,0,1
278,ODIs,235,223,17,6951,174*,33.74,9155,75.92,15,37,798,52,50,0,5
279,ODIs,6,6,0,199,85,33.16,198,100.50,0,1,25,3,0,0,5
280,ODIs,15,14,3,154,46*,14.00,172,89.53,0,0,11,3,6,0,5
281,ODIs,3,0,0,0,0,0,0,0,0,0,0,0,0,0,1
282,ODIs,25,12,7,75,24*,15.00,68,110.29,0,0,7,4,7,0,4
283,ODIs,32,28,7,705,115,33.57,787,89.58,2,3,61,6,29,1,5
284,ODIs,13,8,2,125,31,20.83,155,80.64,0,0,12,3,3,0,5
285,ODIs,4,2,0,4,2,2.00,6,66.66,0,0,0,0,0,0,1
286,ODIs,6,6,0,93,51,15.50,134,69.40,0,1,9,4,1,0,4
287,ODIs,4,3,0,95,40,31.66,137,69.34,0,0,11,2,2,0,4
288,ODIs,100,96,15,2801,141,34.58,3388,82.67,3,16,237,64,40,0,5
289,ODIs,2,0,0,0,0,0,0,0,0,0,0,0,0,0,1
290,ODIs,61,30,10,363,73*,18.15,444,81.75,0,2,32,8,8,0,5
291,ODIs,1,1,0,7,7,7.00,4,175.00,0,0,1,0,0,0,1
292,ODIs,8,4,2,9,6,4.50,32,28.12,0,0,1,0,2,0,1
293,ODIs,101,96,5,2825,135,31.04,3051,92.59,5,14,311,49,43,3,5
294,ODIs,4,3,0,24,15,8.00,47,51.06,0,0,1,1,0,0,1
295,ODIs,287,258,40,7534,143,34.55,9199,81.90,9,44,603,113,98,0,5
296,ODIs,1,0,0,0,0,0,0,0,0,0,0,0,1,0,1
297,ODIs,1,1,0,6,6,6.00,7,85.71,0,0,1,0,0,0,1
298,ODIs,115,92,19,1821,99*,24.94,1931,94.30,0,9,130,58,50,0,5
299,ODIs,41,40,5,1614,130,46.11,1895,85.17,2,13,129,24,17,0,5
300,ODIs,260,228,28,6083,166,30.41,6312,96.37,5,32,577,200,262,15,5
301,ODIs,44,41,0,976,81,23.80,1291,75.60,0,7,116,13,11,0,5
302,ODIs,76,74,3,2167,119,30.52,2559,84.68,2,17,216,33,39,0,5
303,ODIs,265,255,23,7249,144,31.24,9628,75.29,7,48,578,56,135,0,5
304,ODIs,73,69,2,2359,114,35.20,3366,70.08,4,16,205,26,19,0,5
305,ODIs,36,32,6,884,85,34.00,969,91.22,0,4,93,6,42,5,5
306,ODIs,28,25,2,573,96*,24.91,838,68.37,0,5,58,3,20,0,5
307,ODIs,1,0,0,0,0,0,0,0,0,0,0,0,1,0,1
308,ODIs,2,2,2,13,8*,0,14,92.85,0,0,0,0,0,0,1
309,ODIs,35,17,10,84,17,12.00,112,75.00,0,0,6,4,19,0,4
310,ODIs,42,27,4,467,62,20.30,465,100.43,0,1,36,15,9,0,5
311,ODIs,196,195,15,6326,145*,35.14,8307,76.15,10,38,558,99,125,29,5
312,ODIs,5,5,0,51,27,10.20,130,39.23,0,0,4,0,0,0,3
313,ODIs,23,22,3,328,49,17.26,656,50.00,0,0,31,0,6,0,5
314,ODIs,26,21,7,492,104*,35.14,535,91.96,1,2,41,4,7,0,5
315,ODIs,164,141,24,2968,112*,25.36,3606,82.30,2,10,240,58,73,0,5
316,ODIs,2,2,0,1,1,0.50,7,14.28,0,0,0,0,1,0,1
317,ODIs,5,5,0,94,50,18.80,186,50.53,0,1,6,1,0,1,4
318,ODIs,34,23,9,170,38*,12.14,193,88.08,0,0,12,5,19,0,5
319,ODIs,13,13,1,287,82,23.91,439,65.37,0,2,22,2,4,0,5
320,ODIs,121,68,25,529,45*,12.30,709,74.61,0,0,35,10,27,0,5
321,ODIs,3,3,0,101,50,33.66,120,84.16,0,1,5,3,3,0,5
322,ODIs,30,23,3,520,94,26.00,679,76.58,0,2,36,3,11,0,5
323,ODIs,15,8,3,96,57,19.20,95,101.05,0,1,8,3,4,0,4
324,ODIs,7,7,3,72,50*,18.00,149,48.32,0,1,7,0,2,0,3
325,ODIs,1,1,1,9,9*,0,6,150.00,0,0,1,0,0,0,1
326,ODIs,56,47,9,1034,92*,27.21,794,130.22,0,4,94,57,11,0,5
327,ODIs,125,51,12,365,60,9.35,562,64.94,0,1,35,9,28,0,5
328,ODIs,25,13,6,127,32*,18.14,149,85.23,0,0,9,1,6,0,5
329,ODIs,2,0,0,0,0,0,0,0,0,0,0,0,3,0,1
330,ODIs,7,3,0,27,17,9.00,28,96.42,0,0,4,0,1,0,2
331,ODIs,41,24,10,155,34*,11.07,244,63.52,0,0,13,3,12,0,5
332,ODIs,2,1,0,10,10,10.00,6,166.66,0,0,1,1,0,0,1
333,ODIs,10,9,1,130,29,16.25,247,52.63,0,0,9,0,3,0,5
334,ODIs,1,1,1,9,9*,0,44,20.45,0,0,0,0,1,0,1
335,ODIs,12,11,4,98,24,14.00,195,50.25,0,0,9,0,2,0,4
336,ODIs,3,2,0,33,22,16.50,27,122.22,0,0,2,1,7,1,2
337,ODIs,236,219,32,7368,148,39.40,8085,91.13,13,46,614,211,83,0,5
338,ODIs,2,2,1,19,17*,19.00,23,82.60,0,0,2,0,2,0,1
339,ODIs,96,71,20,744,58,14.58,1196,62.20,0,1,48,5,37,0,5
340,ODIs,89,50,19,646,56,20.83,629,102.70,0,1,53,18,26,0,5
341,ODIs,4,4,0,36,30,9.00,89,40.44,0,0,2,1,1,0,2
342,ODIs,4,1,1,10,10*,0,14,71.42,0,0,0,0,1,0,1
343,ODIs,8,8,0,226,88,28.25,297,76.09,0,2,22,3,7,0,5
344,ODIs,1,1,1,1,1*,0,9,11.11,0,0,0,0,0,0,1
345,ODIs,82,56,27,513,47*,17.68,664,77.25,0,0,40,21,16,0,5
346,ODIs,89,64,15,680,54*,13.87,787,86.40,0,2,51,27,27,0,5
347,ODIs,1,1,0,18,18,18.00,41,43.90,0,0,2,0,0,0,1
348,ODIs,67,53,15,743,45*,19.55,785,94.64,0,0,48,23,25,0,5
349,ODIs,20,10,5,13,6*,2.60,53,24.52,0,0,1,0,0,0,1
350,ODIs,4,2,0,9,9,4.50,8,112.50,0,0,2,0,0,0,1
351,ODIs,79,72,6,1259,99*,19.07,1639,76.81,0,5,130,12,22,0,5
352,ODIs,45,42,3,1430,139,36.66,1338,106.87,5,4,108,52,18,0,5
353,ODIs,248,239,39,11867,183,59.33,12726,93.25,43,58,1116,121,128,0,5
354,ODIs,1,1,0,2,2,2.00,9,22.22,0,0,0,0,0,0,1
355,ODIs,1,1,0,3,3,3.00,11,27.27,0,0,0,0,0,0,1
356,ODIs,6,5,0,225,88,45.00,262,85.87,0,3,30,0,4,0,5
357,ODIs,6,6,0,132,52,22.00,220,60.00,0,1,11,0,3,0,5
358,ODIs,1,1,0,0,0,0.00,2,0.00,0,0,0,0,0,0,1
359,ODIs,8,8,0,299,136,37.37,337,88.72,1,0,27,10,0,0,5
360,ODIs,5,4,2,7,3*,3.50,17,41.17,0,0,0,0,3,0,1
361,ODIs,2,2,0,12,12,6.00,14,85.71,0,0,0,1,3,0,1
362,ODIs,2,2,0,68,45,34.00,104,65.38,0,0,8,2,0,0,3
363,ODIs,32,31,5,927,137*,35.65,1225,75.67,1,6,91,16,17,8,5
364,ODIs,4,4,0,191,112,47.75,196,97.44,1,1,20,0,3,0,5
365,ODIs,22,19,1,468,68,26.00,404,115.84,0,3,39,24,3,0,5
366,ODIs,8,7,1,104,42,17.33,177,58.75,0,0,6,0,4,0,5
367,ODIs,126,122,3,4882,153*,41.02,5503,88.71,16,26,483,119,60,0,5
368,ODIs,13,10,1,47,12,5.22,95,49.47,0,0,5,0,5,0,2
369,ODIs,16,14,0,374,71,26.71,361,103.60,0,1,40,10,8,1,5
370,ODIs,2,0,0,0,0,0,0,0,0,0,0,0,0,0,1
371,ODIs,63,54,10,1286,97*,29.22,1314,97.86,0,6,115,30,23,0,5
372,ODIs,15,13,3,190,42*,19.00,169,112.42,0,0,16,6,5,0,5
373,ODIs,11,7,2,179,67*,35.80,210,85.23,0,1,10,10,6,0,5
374,ODIs,17,16,1,264,60,17.60,488,54.09,0,2,15,0,20,2,5
375,ODIs,31,28,6,497,64,22.59,742,66.98,0,2,45,2,10,0,5
376,ODIs,6,4,1,71,51,23.66,112,63.39,0,1,3,1,4,0,3
377,ODIs,218,216,15,6614,140*,32.90,8633,76.61,11,38,664,110,85,0,5
378,ODIs,217,187,48,5830,139*,41.94,6997,83.32,3,40,461,89,53,0,5
379,ODIs,14,12,3,143,51,15.88,130,110.00,0,1,15,6,6,0,5
380,ODIs,27,17,7,147,31*,14.70,202,72.77,0,0,10,3,6,0,5
381,ODIs,73,52,19,1389,120,42.09,1367,101.60,2,6,141,24,33,0,5
382,ODIs,2,2,1,17,9,17.00,38,44.73,0,0,1,0,0,0,1
383,ODIs,9,5,1,63,39*,15.75,78,80.76,0,0,7,1,1,0,3
384,ODIs,12,12,3,67,25,7.44,138,48.55,0,0,6,0,3,0,3
385,ODIs,7,7,0,116,71,16.57,157,73.88,0,1,15,2,5,1,5
386,ODIs,3,2,0,2,2,1.00,21,9.52,0,0,0,0,1,0,1
387,ODIs,116,90,22,2302,105,33.85,2622,87.79,2,11,172,12,116,24,5
388,ODIs,6,6,1,82,27,16.40,135,60.74,0,0,3,1,3,0,4
389,ODIs,100,44,12,590,69,18.43,584,101.02,0,1,64,7,30,0,5
390,ODIs,2,2,0,40,39,20.00,60,66.66,0,0,2,0,0,0,2
391,ODIs,4,4,0,106,60,26.50,174,60.91,0,1,5,1,3,0,5
392,ODIs,3,2,1,26,17*,26.00,49,53.06,0,0,1,0,1,0,2
393,ODIs,8,8,0,155,61,19.37,265,58.49,0,1,15,0,1,0,5
394,ODIs,5,4,2,7,4,3.50,28,25.00,0,0,0,0,0,0,1
395,ODIs,1,1,0,2,2,2.00,14,14.28,0,0,0,0,0,0,1
396,ODIs,52,48,1,1136,114,24.17,1536,73.95,2,5,107,15,71,4,5
397,ODIs,1,1,1,3,3*,0,4,75.00,0,0,0,0,2,0,1
398,ODIs,35,35,3,890,111,27.81,1257,70.80,1,5,96,6,51,4,5
399,ODIs,32,22,7,220,33,14.66,339,64.89,0,0,13,0,9,0,5
400,ODIs,117,47,18,268,32*,9.24,354,75.70,0,0,24,7,31,0,5
401,ODIs,18,6,2,38,28,9.50,49,77.55,0,0,6,0,5,0,2
402,ODIs,10,8,5,212,69*,70.66,341,62.17,0,2,11,3,3,0,5
403,ODIs,44,37,3,559,101,16.44,614,91.04,1,1,38,24,11,0,5
404,ODIs,19,7,5,10,4*,5.00,35,28.57,0,0,0,0,3,0,1
405,ODIs,13,12,2,447,148,44.70,460,97.17,1,2,51,2,2,0,5
406,ODIs,218,204,34,6174,144,36.31,7794,79.21,7,38,492,82,181,44,5
407,ODIs,10,10,1,159,40,17.66,231,68.83,0,0,16,3,4,0,5
408,ODIs,114,52,15,526,53*,14.21,703,74.82,0,1,44,8,27,0,5
409,ODIs,164,131,16,2316,140,20.13,2057,112.59,1,10,174,84,62,0,5
410,ODIs,34,32,4,480,97,17.14,774,62.01,0,1,46,2,6,0,5
411,ODIs,58,27,17,78,18*,7.80,136,57.35,0,0,9,0,12,0,4
412,ODIs,11,11,0,150,39,13.63,332,45.18,0,0,8,1,3,1,5
413,ODIs,43,15,8,95,34,13.57,162,58.64,0,0,5,2,13,0,4
414,ODIs,20,6,3,31,10*,10.33,30,103.33,0,0,2,0,1,0,2
415,ODIs,5,0,0,0,0,0,0,0,0,0,0,0,2,0,1
416,ODIs,207,196,26,5606,133*,32.97,7463,75.11,10,30,526,118,50,0,5
417,ODIs,1,1,0,4,4,4.00,28,14.28,0,0,0,0,0,0,1
418,ODIs,5,5,0,111,50,22.20,145,76.55,0,1,12,0,1,0,5
419,ODIs,8,8,1,144,33,20.57,222,64.86,0,0,6,5,5,0,5
420,ODIs,16,13,0,446,87,34.30,629,70.90,0,4,44,6,7,0,5
421,ODIs,38,35,0,1052,120,30.05,1488,70.69,3,3,103,19,10,0,5
422,ODIs,11,10,4,130,48*,21.66,249,52.20,0,0,9,0,4,0,5
423,ODIs,60,21,12,118,19,13.11,188,62.76,0,0,10,0,7,0,5
424,ODIs,7,2,1,5,3,5.00,14,35.71,0,0,0,0,2,0,1
425,ODIs,91,51,19,371,52*,11.59,424,87.50,0,1,27,9,27,0,5
426,ODIs,72,56,22,924,67,27.17,1046,88.33,0,2,64,27,27,0,5
427,ODIs,13,13,1,416,95,34.66,646,64.39,0,3,28,6,2,0,5
428,ODIs,67,62,9,1586,104*,29.92,1765,89.85,1,11,134,57,37,0,5
429,ODIs,33,28,3,581,54,23.24,822,70.68,0,3,48,10,7,0,5
430,ODIs,13,10,4,123,26*,20.50,200,61.50,0,0,6,1,7,0,5
431,ODIs,12,10,1,195,96,21.66,273,71.42,0,1,13,2,1,0,5
432,ODIs,70,45,20,165,23,6.60,336,49.10,0,0,14,2,6,0,5
433,ODIs,11,5,0,16,7,3.20,36,44.44,0,0,1,0,3,0,1
434,ODIs,2,2,0,5,4,2.50,11,45.45,0,0,1,0,1,0,1
435,ODIs,31,16,9,23,7,3.28,94,24.46,0,0,0,1,10,0,1
436,ODIs,40,17,7,168,36,16.80,165,101.81,0,0,11,4,21,0,5
437,ODIs,49,47,10,1329,124*,35.91,1625,81.78,1,11,122,10,18,0,5
438,ODIs,12,12,0,407,119,33.91,540,75.37,1,2,45,7,0,0,5
439,ODIs,10,5,2,99,46*,33.00,115,86.08,0,0,11,1,2,0,4
440,ODIs,61,46,3,776,79,18.04,1235,62.83,0,1,60,1,21,0,5
441,ODIs,2,2,0,40,39,20.00,94,42.55,0,0,2,0,0,0,2
442,ODIs,1,1,0,36,36,36.00,39,92.30,0,0,0,2,0,0,2
443,ODIs,29,14,10,77,30,19.25,83,92.77,0,0,7,2,7,0,4
444,ODIs,2,2,0,8,6,4.00,17,47.05,0,0,1,0,0,0,1
445,ODIs,90,40,23,159,21*,9.35,213,74.64,0,0,15,6,31,0,5
446,ODIs,1,0,0,0,0,0,0,0,0,0,0,0,0,0,1
447,ODIs,9,3,2,0,0*,0.00,10,0.00,0,0,0,0,1,0,1
448,ODIs,3,2,0,45,41,22.50,65,69.23,0,0,4,1,1,0,2
449,ODIs,36,34,2,618,74,19.31,847,72.96,0,3,61,13,24,5,5
450,ODIs,36,11,3,43,14,5.37,82,52.43,0,0,4,0,5,0,2
451,ODIs,71,30,15,140,17*,9.33,217,64.51,0,0,10,2,14,0,5
452,ODIs,5,4,1,27,24*,9.00,51,52.94,0,0,3,0,1,0,2
453,ODIs,3,2,0,46,40,23.00,39,117.94,0,0,5,1,0,0,2
454,ODIs,33,32,1,764,94,24.64,685,111.53,0,6,92,35,15,0,5
455,ODIs,75,24,14,79,18*,7.90,134,58.95,0,0,8,1,22,0,4
456,ODIs,2,2,0,31,25,15.50,33,93.93,0,0,5,1,0,0,2
457,ODIs,94,79,21,1752,79,30.20,2392,73.24,0,9,176,15,64,7,5
458,ODIs,8,8,0,244,75,30.50,319,76.48,0,2,21,2,3,0,5
459,ODIs,66,64,6,2175,175,37.50,2623,82.92,8,8,224,25,30,0,5
460,ODIs,26,9,6,47,19*,15.66,66,71.21,0,0,4,2,8,0,2
461,ODIs,99,92,10,2696,137,32.87,3232,83.41,4,16,228,36,82,7,5
462,ODIs,36,36,3,1079,176,32.69,1133,95.23,3,3,113,22,24,3,5
463,ODIs,10,10,2,130,31,16.25,217,59.90,0,0,11,1,2,0,5
464,ODIs,7,7,3,57,19,14.25,48,118.75,0,0,5,2,1,0,3
465,ODIs,7,6,0,155,59,25.83,228,67.98,0,1,16,2,12,1,5
466,ODIs,3,2,0,4,4,2.00,10,40.00,0,0,0,0,1,0,1
467,ODIs,18,15,7,16,7,2.00,89,17.97,0,0,2,0,7,0,1
468,ODIs,11,11,2,621,109*,69.00,768,80.85,2,4,59,4,4,0,5
469,ODIs,1,0,0,0,0,0,0,0,0,0,0,0,0,0,1
470,ODIs,194,79,43,273,28,7.58,561,48.66,0,0,23,0,53,0,5
471,ODIs,57,53,9,1539,102*,34.97,1673,91.99,1,11,128,38,27,0,5
472,ODIs,1,0,0,0,0,0,0,0,0,0,0,0,0,0,1
473,ODIs,6,4,0,52,31,13.00,83,62.65,0,0,3,0,1,0,3
474,ODIs,16,15,1,217,38,15.50,397,54.65,0,0,18,0,7,0,5
475,ODIs,3,1,0,19,19,19.00,24,79.16,0,0,3,0,0,0,1
476,ODIs,6,6,0,98,51,16.33,175,56.00,0,1,10,2,2,0,4
477,ODIs,25,16,9,24,12*,3.42,63,38.09,0,0,1,0,1,0,1
478,ODIs,2,2,0,0,0,0.00,9,0.00,0,0,0,0,1,0,1
479,ODIs,1,1,0,0,0,0.00,3,0.00,0,0,0,0,0,0,1
480,ODIs,1,1,1,1,1*,0,1,100.00,0,0,0,0,1,0,1
481,ODIs,20,13,8,198,47*,39.60,193,102.59,0,0,19,4,4,0,5
482,ODIs,49,33,10,222,37,9.65,337,65.87,0,0,22,3,11,0,5
483,ODIs,1,1,0,24,24,24.00,30,80.00,0,0,3,0,0,0,1
484,ODIs,2,2,0,0,0,0.00,5,0.00,0,0,0,0,0,0,1
485,ODIs,11,11,1,189,50,18.90,284,66.54,0,1,19,1,4,0,5
486,ODIs,4,2,2,15,15*,0,11,136.36,0,0,2,0,1,0,1
487,ODIs,9,7,4,10,4,3.33,45,22.22,0,0,0,0,0,0,1
488,ODIs,147,143,11,5238,150*,39.68,6144,85.25,11,34,561,17,36,0,5
489,ODIs,69,30,13,136,35,8.00,223,60.98,0,0,11,3,15,0,5
490,ODIs,5,5,0,68,27,13.60,100,68.00,0,0,13,0,0,0,3
491,ODIs,2,1,0,1,1,1.00,11,9.09,0,0,0,0,1,0,1
492,ODIs,4,3,0,11,11,3.66,39,28.20,0,0,0,0,0,0,1
493,ODIs,15,7,5,4,2*,2.00,20,20.00,0,0,0,0,1,0,1
494,ODIs,11,11,1,245,79*,24.50,442,55.42,0,1,24,3,7,0,5
495,ODIs,125,110,12,4162,164,42.46,4802,86.67,9,25,352,36,67,0,5
496,ODIs,1,1,1,2,2*,0,19,10.52,0,0,0,0,0,0,1
497,ODIs,9,5,3,4,3,2.00,27,14.81,0,0,0,0,2,0,1
498,ODIs,16,16,1,271,59,18.06,392,69.13,0,1,28,2,6,0,5
499,ODIs,49,45,5,827,58*,20.67,1225,67.51,0,4,48,30,22,1,5
500,ODIs,132,114,34,3231,139,40.38,3211,100.62,5,14,238,88,61,0,5
501,ODIs,22,13,4,290,51*,32.22,337,86.05,0,2,24,6,3,0,5
502,ODIs,37,37,3,596,157*,17.52,902,66.07,1,1,59,17,12,0,5
503,ODIs,60,58,4,1336,84,24.74,1979,67.50,0,9,108,5,14,0,5
504,ODIs,46,27,12,279,50,18.60,339,82.30,0,1,23,6,21,0,5
505,ODIs,18,15,3,243,53,20.25,357,68.06,0,1,17,4,8,0,5
506,ODIs,12,12,0,186,56,15.50,278,66.90,0,1,19,3,8,0,5
507,ODIs,1,1,0,3,3,3.00,20,15.00,0,0,0,0,0,0,1
508,ODIs,64,40,13,260,36,9.62,355,73.23,0,0,19,4,16,0,5
509,ODIs,2,2,0,11,8,5.50,26,42.30,0,0,0,1,2,0,1
510,ODIs,101,69,20,1226,95*,25.02,1358,90.27,0,4,86,19,44,0,5
511,ODIs,85,48,22,244,26,9.38,404,60.39,0,0,18,3,19,0,5
512,ODIs,5,5,0,52,18,10.40,71,73.23,0,0,8,0,4,1,3
513,ODIs,4,4,0,78,45,19.50,117,66.66,0,0,9,0,0,0,4
514,ODIs,5,5,0,86,55,17.20,112,76.78,0,1,9,0,3,0,4
515,ODIs,64,55,14,963,96,23.48,1215,79.25,0,3,92,14,19,0,5
516,ODIs,7,5,2,4,2,1.33,28,14.28,0,0,0,0,1,0,1
517,ODIs,27,24,1,516,66,22.43,525,98.28,0,3,39,13,6,0,5
518,ODIs,8,7,1,70,20,11.66,142,49.29,0,0,7,2,0,0,3
519,ODIs,8,8,0,281,87,35.12,401,70.07,0,3,26,2,3,0,5
520,ODIs,2,2,0,23,23,11.50,44,52.27,0,0,3,0,0,0,1
521,ODIs,2,2,0,9,8,4.50,57,15.78,0,0,2,0,0,0,1
522,ODIs,2,2,0,25,21,12.50,35,71.42,0,0,4,0,2,0,2
523,ODIs,9,9,0,257,73,28.55,383,67.10,0,2,25,3,0,0,5
524,ODIs,23,23,0,336,56,14.60,612,54.90,0,1,30,2,6,0,5
525,ODIs,42,33,7,722,74*,27.76,654,110.39,0,4,57,29,14,0,5
526,ODIs,6,5,0,248,179,49.60,214,115.88,1,0,25,8,0,0,5
527,ODIs,3,3,2,26,17,26.00,38,68.42,0,0,3,0,0,0,2
528,ODIs,220,158,28,1787,51*,13.74,2041,87.55,0,1,150,62,62,0,5
529,ODIs,2,0,0,0,0,0,0,0,0,0,0,0,0,0,1
530,ODIs,2,2,0,72,42,36.00,69,104.34,0,0,8,1,0,0,3
531,ODIs,12,11,1,197,52,19.70,272,72.42,0,1,19,5,5,0,5
532,ODIs,6,6,1,11,5,2.20,62,17.74,0,0,1,0,6,0,1
533,ODIs,45,23,16,29,7,4.14,77,37.66,0,0,2,1,6,0,2
534,ODIs,28,26,1,557,60,22.28,749,74.36,0,3,60,1,4,0,5
535,ODIs,2,2,0,68,44,34.00,70,97.14,0,0,4,2,2,1,3
536,ODIs,13,11,2,189,46,21.00,212,89.15,0,0,20,1,6,0,5
537,ODIs,7,7,0,138,54,19.71,165,83.63,0,1,18,0,1,0,5
538,ODIs,2,2,1,9,9,9.00,20,45.00,0,0,0,0,0,0,1
539,ODIs,23,22,0,734,114,33.36,952,77.10,1,3,62,7,4,0,5
540,ODIs,44,27,17,67,17,6.70,160,41.87,0,0,5,3,5,0,3
541,ODIs,145,133,17,3546,142,30.56,3981,89.07,2,18,326,83,64,0,5
542,ODIs,183,180,19,6843,237*,42.50,7825,87.45,16,37,694,176,91,0,5
543,ODIs,13,11,0,265,51,24.09,299,88.62,0,1,38,0,4,0,5
544,ODIs,2,1,0,0,0,0.00,1,0.00,0,0,0,0,0,0,1
545,ODIs,2,2,0,4,4,2.00,11,36.36,0,0,1,0,0,0,1
546,ODIs,15,12,0,271,62,22.58,298,90.93,0,2,29,2,13,0,5
547,ODIs,1,1,0,5,5,5.00,18,27.77,0,0,0,0,0,0,1
548,ODIs,1,0,0,0,0,0,0,0,0,0,0,0,0,0,1
549,ODIs,2,2,0,13,8,6.50,28,46.42,0,0,0,0,1,0,1
550,ODIs,9,5,2,79,49,26.33,77,102.59,0,0,5,2,2,0,4
551,ODIs,87,57,22,579,62*,16.54,835,69.34,0,2,40,8,36,0,5
552,ODIs,19,8,6,42,19*,21.00,64,65.62,0,0,2,2,2,0,2
553,ODIs,12,8,1,223,46,31.85,246,90.65,0,0,20,4,7,0,5
554,ODIs,3,0,0,0,0,0,0,0,0,0,0,0,1,0,1
555,ODIs,48,15,12,39,11*,13.00,63,61.90,0,0,6,0,13,0,2
556,ODIs,23,15,2,162,28,12.46,195,83.07,0,0,13,6,5,0,5
557,ODIs,101,52,24,140,17,5.00,249,56.22,0,0,14,2,20,0,5
558,ODIs,1,1,1,4,4*,0,9,44.44,0,0,0,0,0,0,1
559,ODIs,104,104,2,2399,99,23.51,3806,63.03,0,16,227,14,33,0,5
560,ODIs,1,0,0,0,0,0,0,0,0,0,0,0,1,0,1
561,ODIs,66,59,7,1333,102,25.63,1461,91.23,1,6,153,24,37,0,5
562,ODIs,1,1,0,19,19,19.00,20,95.00,0,0,1,1,0,0,1
563,ODIs,232,216,39,8574,181*,48.44,10273,83.46,21,51,711,146,139,0,5
564,ODIs,70,67,3,2419,171,37.79,2527,95.72,6,14,276,50,27,0,5
565,ODIs,3,2,0,39,21,19.50,47,82.97,0,0,4,1,0,0,2
566,ODIs,13,12,0,152,30,12.66,199,76.38,0,0,13,3,2,0,5
567,ODIs,121,121,6,5135,178,44.65,5414,94.84,15,25,590,74,164,9,5
568,ODIs,75,34,21,100,18*,7.69,239,41.84,0,0,4,1,17,0,5
569,ODIs,17,16,4,493,123*,41.08,520,94.80,1,3,46,11,17,3,5
570,ODIs,32,19,9,111,20*,11.10,382,29.05,0,0,5,0,10,0,5
571,ODIs,10,10,0,278,78,27.80,483,57.55,0,1,15,0,3,0,5
572,ODIs,6,6,0,65,20,10.83,145,44.82,0,0,5,1,3,0,3
573,ODIs,37,16,7,63,19,7.00,132,47.72,0,0,3,1,10,0,3
574,ODIs,36,27,5,283,50*,12.86,411,68.85,0,1,24,3,14,0,5
575,ODIs,6,6,0,128,49,21.33,203,63.05,0,0,15,2,1,0,5
576,ODIs,34,31,3,670,101,23.92,806,83.12,1,2,41,30,14,0,5
577,ODIs,53,29,9,280,59,14.00,247,113.36,0,2,18,17,12,0,5
578,ODIs,2,2,0,33,19,16.50,51,64.70,0,0,4,1,0,0,2
579,ODIs,67,64,4,1910,145*,31.83,2530,75.49,5,9,179,27,20,0,5
580,ODIs,146,137,21,5922,133*,51.05,6775,87.40,16,33,478,43,74,0,5
581,ODIs,60,34,12,134,24*,6.09,240,55.83,0,0,13,2,8,0,5
582,ODIs,8,8,0,159,44,19.87,223,71.30,0,0,9,4,12,0,5
583,ODIs,1,0,0,0,0,0,0,0,0,0,0,0,2,0,1
584,ODIs,32,31,5,1239,112,47.65,1423,87.06,4,7,98,25,13,2,5
585,ODIs,213,198,26,4340,117,25.23,5423,80.02,2,19,343,106,72,0,5
586,ODIs,73,72,4,2773,151,40.77,3406,81.41,7,15,247,36,22,0,5
587,ODIs,21,19,5,185,36,13.21,278,66.54,0,0,15,0,22,1,5
588,ODIs,12,7,1,71,25,11.83,166,42.77,0,0,3,0,2,0,3
589,ODIs,17,16,0,339,72,21.18,506,66.99,0,1,33,3,9,0,5
590,ODIs,10,8,0,59,24,7.37,89,66.29,0,0,4,1,3,0,3
591,ODIs,77,70,8,2923,141*,47.14,2797,104.50,9,11,335,65,35,2,5
592,ODIs,3,3,0,32,30,10.66,75,42.66,0,0,1,1,1,0,2
593,ODIs,2,1,0,5,5,5.00,12,41.66,0,0,0,0,2,0,1
594,ODIs,78,77,8,2622,160*,38.00,3630,72.23,6,15,255,25,27,0,5
595,ODIs,30,19,7,151,30*,12.58,213,70.89,0,0,14,0,6,0,5
596,ODIs,46,34,4,516,71,17.20,671,76.90,0,2,38,19,6,0,5
597,ODIs,95,81,15,2682,102*,40.63,2855,93.94,3,20,217,75,45,0,5
598,ODIs,22,22,3,641,102*,33.73,912,70.28,1,4,68,7,7,0,5
599,ODIs,3,3,0,129,52,43.00,143,90.20,0,1,13,1,1,0,5
600,ODIs,4,3,1,30,13,15.00,52,57.69,0,0,1,0,2,0,2
601,ODIs,1,1,0,6,6,6.00,8,75.00,0,0,1,0,0,0,1
602,ODIs,3,2,0,27,17,13.50,40,67.50,0,0,2,1,1,0,2
603,ODIs,16,16,2,307,57*,21.92,440,69.77,0,3,38,6,10,0,5
604,ODIs,2,2,0,18,12,9.00,47,38.29,0,0,1,0,0,0,1
605,ODIs,26,24,1,643,67*,27.95,755,85.16,0,2,76,10,12,0,5
606,ODIs,124,112,12,2782,116,27.82,3252,85.54,1,15,174,88,55,0,5
607,ODIs,22,14,8,21,7*,3.50,40,52.50,0,0,2,0,1,0,1
608,ODIs,1,1,0,3,3,3.00,7,42.85,0,0,0,0,0,0,1
609,ODIs,111,105,9,2356,101,24.54,3531,66.72,1,12,158,62,24,0,5
610,ODIs,2,1,0,2,2,2.00,2,100.00,0,0,0,0,0,0,1
611,ODIs,5,5,0,55,29,11.00,93,59.13,0,0,2,2,2,0,3
612,ODIs,38,22,6,107,17,6.68,195,54.87,0,0,10,3,5,0,5
613,ODIs,3,3,0,36,32,12.00,39,92.30,0,0,6,0,1,0,2
614,ODIs,44,33,16,292,34,17.17,394,74.11,0,0,19,4,11,0,5
615,ODIs,11,3,1,9,5,4.50,17,52.94,0,0,1,0,1,0,1
616,ODIs,27,23,3,575,63,28.75,718,80.08,0,5,49,14,7,0,5
617,ODIs,110,100,11,2877,102,32.32,2332,123.37,1,19,289,94,65,0,5
618,ODIs,6,6,1,161,124*,32.20,176,91.47,1,0,12,3,1,0,5
619,ODIs,4,1,1,9,9*,0,7,128.57,0,0,1,0,0,0,1
620,ODIs,78,73,10,3289,170,52.20,4422,74.37,9,17,256,49,83,10,5
621,ODIs,41,40,3,1102,98,29.78,1615,68.23,0,10,105,6,7,0,5
622,ODIs,4,4,0,14,6,3.50,20,70.00,0,0,1,0,1,0,1
623,ODIs,8,8,0,159,73,19.87,286,55.59,0,1,13,1,2,0,5
624,ODIs,2,2,0,8,6,4.00,16,50.00,0,0,0,0,0,0,1
625,ODIs,13,11,6,79,19*,15.80,109,72.47,0,0,6,2,6,0,4
626,ODIs,13,8,3,92,29,18.40,104,88.46,0,0,7,0,4,0,4
627,ODIs,4,4,0,13,12,3.25,47,27.65,0,0,2,0,0,0,1
628,ODIs,10,10,1,315,115,35.00,398,79.14,1,1,40,5,7,0,5
629,ODIs,2,2,0,2,1,1.00,23,8.69,0,0,0,0,1,0,1
630,ODIs,92,92,4,3204,137,36.40,4154,77.13,5,19,363,10,36,0,5
631,ODIs,2,2,0,11,9,5.50,23,47.82,0,0,1,0,1,0,1
632,ODIs,4,2,2,5,3*,0,20,25.00,0,0,0,0,1,0,1
633,ODIs,2,2,0,59,55,29.50,123,47.96,0,1,5,0,1,0,3
634,ODIs,2,1,0,13,13,13.00,16,81.25,0,0,1,0,2,0,1
635,ODIs,11,6,2,77,22*,19.25,53,145.28,0,0,8,3,3,0,4
636,ODIs,40,21,10,69,15,6.27,79,87.34,0,0,8,2,6,0,3
637,ODIs,30,22,6,161,41,10.06,218,73.85,0,0,18,5,3,0,5
638,ODIs,19,13,4,214,46,23.77,238,89.91,0,0,15,9,10,0,5
639,ODIs,181,178,14,8113,159,49.46,9178,88.39,27,39,822,53,87,0,5
640,ODIs,350,297,84,10773,183*,50.57,12303,87.56,10,73,826,229,321,123,5
641,ODIs,7,2,1,9,8,9.00,19,47.36,0,0,0,0,2,0,1
642,ODIs,13,13,0,175,49,13.46,301,58.13,0,0,26,2,1,0,5
643,ODIs,16,14,1,352,53,27.07,537,65.54,0,3,25,1,4,0,5
644,ODIs,27,17,10,80,16*,11.42,107,74.76,0,0,9,3,6,0,4
645,ODIs,24,14,4,34,6,3.40,98,34.69,0,0,1,0,8,0,2
646,ODIs,226,119,36,567,56,6.83,761,74.50,0,1,45,21,31,0,5
647,ODIs,2,2,0,34,26,17.00,75,45.33,0,0,3,0,0,0,2
648,ODIs,52,21,7,211,48*,15.07,211,100.00,0,0,19,9,17,0,5
649,ODIs,13,8,5,8,3*,2.66,55,14.54,0,0,0,0,2,0,1
650,ODIs,6,2,0,0,0,0.00,2,0.00,0,0,0,0,0,0,1
651,ODIs,52,49,1,1571,116,32.72,1679,93.56,2,9,182,12,38,9,5
652,ODIs,2,0,0,0,0,0,0,0,0,0,0,0,0,0,1
653,ODIs,2,2,0,50,43,25.00,111,45.04,0,0,3,1,0,0,3
654,ODIs,146,132,21,3599,111,32.42,4855,74.12,4,22,245,39,59,7,5
655,ODIs,46,44,0,1005,83,22.84,1278,78.63,0,9,115,15,14,0,5
